Date,1,2,3,4,5,6,7,8,9
2018-08-31,0,0,0,0,3,1,0,0,0
2018-09-01,0,0,0,0,0,0,0,0,0
2018-09-02,0,0,0,0,0,0,5,0,0
2018-09-03,0,0,1,1,3,4,0,1,0
2018-09-04,0,0,0,0,24,3,13,2,0
2018-09-05,1,2,0,0,16,5,8,4,6
2018-09-06,0,0,0,0,5,2,0,2,0
2018-09-07,0,0,2,0,0,1,7,4,0
2018-09-08,0,0,0,1,5,0,0,0,0
2018-09-09,0,0,0,0,0,0,0,0,0
2018-09-10,0,0,0,0,0,0,0,0,0
2018-09-11,0,0,6,0,6,0,12,4,6
2018-09-12,0,0,0,0,3,0,0,0,0
2018-09-13,0,0,1,4,8,3,7,1,0
2018-09-14,4,0,0,4,6,5,6,2,0
2018-09-15,0,0,0,0,71,0,0,0,0
2018-09-16,0,0,0,0,5,0,1,5,0
2018-09-17,0,0,3,0,0,4,0,20,16
2018-09-18,0,0,6,0,11,9,5,40,32
2018-09-19,0,0,0,0,1,1,1,0,0
2018-09-20,0,0,3,0,3,1,1,2,0
2018-09-21,0,0,0,0,2,2,3,0,3
2018-09-22,0,0,0,0,23,0,0,25,0
2018-09-23,0,0,0,0,0,0,0,0,0
2018-09-24,0,0,0,2,43,0,3,0,0
2018-09-25,0,2,2,4,3,0,2,3,4
2018-09-26,0,0,0,0,3,3,4,4,5
2018-09-27,0,0,2,0,7,1,2,0,1
2018-09-28,0,0,0,0,5,2,0,0,0
2018-09-29,0,0,0,0,0,0,4,0,0
2018-09-30,0,0,0,0,0,0,0,0,0
2018-10-01,0,0,0,0,0,0,6,0,0
2018-10-02,0,2,0,0,7,1,2,0,1
2018-10-03,0,0,0,0,0,0,2,0,0
2018-10-04,0,0,0,0,4,2,1,3,1
2018-10-05,0,0,0,0,0,0,2,0,0
2018-10-06,0,0,0,0,11,0,5,5,0
2018-10-07,0,0,0,0,0,0,0,0,0
2018-10-08,0,1,1,0,1,0,0,1,0
2018-10-09,0,0,0,0,3,0,3,0,0
2018-10-10,0,0,0,0,3,2,2,0,4
2018-10-11,0,3,2,1,17,5,9,0,0
2018-10-12,0,1,0,0,11,5,9,1,0
2018-10-13,0,0,0,0,4,0,0,0,0
2018-10-14,0,0,0,0,0,0,0,0,0
2018-10-15,0,0,0,0,0,0,0,0,0
2018-10-16,0,0,0,2,10,8,2,0,0
2018-10-17,0,0,2,1,4,0,1,1,0
2018-10-18,0,0,0,1,16,0,11,2,0
2018-10-19,0,0,0,0,1,1,0,0,0
2018-10-20,0,0,0,0,0,0,0,0,0
2018-10-21,0,0,0,0,0,0,0,0,0
2018-10-22,0,0,1,0,7,4,0,9,5
2018-10-23,0,0,0,4,4,2,5,0,0
2018-10-24,0,0,0,0,1,1,13,4,5
2018-10-25,0,0,0,0,5,0,15,7,13
2018-10-26,0,12,8,2,5,1,2,3,8
2018-10-27,0,0,0,0,0,0,0,0,0
2018-10-28,0,0,1,0,0,2,0,0,0
2018-10-29,0,1,0,0,2,1,3,0,0
2018-10-30,0,3,5,0,1,0,1,2,0
2018-10-31,0,0,0,1,3,9,9,3,2
2018-11-01,2,0,0,4,18,0,8,1,0
2018-11-02,0,0,3,0,3,0,5,1,0
2018-11-03,0,0,0,0,0,0,0,0,0
2018-11-04,0,0,0,0,0,0,0,0,0
2018-11-05,0,0,0,0,4,4,1,3,4
2018-11-06,0,0,0,0,2,1,3,5,0
2018-11-07,0,0,0,0,1,1,1,3,0
2018-11-08,0,0,0,0,0,0,3,0,0
2018-11-09,0,0,0,0,3,3,0,0,0
2018-11-10,0,0,0,0,0,0,0,0,0
2018-11-11,0,0,5,0,0,5,1,0,0
2018-11-12,0,0,2,2,8,19,8,0,0
2018-11-13,0,0,0,0,1,1,6,2,0
2018-11-14,0,0,0,1,9,1,3,2,2
2018-11-15,0,0,0,26,39,0,18,7,5
2018-11-16,0,0,0,48,48,0,17,0,0
2018-11-17,0,0,0,0,2,0,0,0,0
2018-11-18,0,0,4,0,4,0,0,1,0
2018-11-19,0,0,0,0,4,3,0,0,9
2018-11-20,0,0,0,0,0,0,0,0,0
2018-11-21,0,0,0,0,52,4,0,0,4
2018-11-22,0,0,1,0,1,1,0,0,0
2018-11-23,0,6,2,2,0,0,4,0,0
2018-11-24,0,0,0,0,0,0,0,0,0
2018-11-25,0,0,4,0,4,4,2,0,0
2018-11-26,0,0,0,0,35,4,10,0,0
2018-11-27,0,0,0,0,1,2,5,0,0
2018-11-28,1,0,0,0,2,3,2,2,0
2018-11-29,0,3,0,3,0,0,1,0,1
2018-11-30,0,0,0,5,18,5,4,0,0
2018-12-01,0,0,0,0,0,0,0,0,0
2018-12-02,0,0,0,0,0,0,4,0,0
2018-12-03,0,0,4,0,12,3,3,4,6
2018-12-04,0,0,4,3,13,6,3,3,9
2018-12-05,0,0,1,0,7,1,0,0,0
2018-12-06,0,0,0,0,5,6,2,4,0
2018-12-07,0,0,0,0,3,1,1,0,1
2018-12-08,0,0,0,0,0,0,0,0,0
2018-12-09,0,0,0,0,5,2,0,0,0
2018-12-10,0,0,0,1,21,0,15,4,0
2018-12-11,0,0,0,0,6,0,6,2,0
2018-12-12,0,0,0,0,6,3,2,0,4
2018-12-13,0,0,1,1,6,1,0,0,2
2018-12-14,0,2,5,7,16,6,4,4,1
2018-12-15,0,0,0,0,5,0,5,0,0
2018-12-16,0,0,2,0,1,0,2,0,0
2018-12-17,0,0,2,0,5,3,2,1,0
2018-12-18,0,0,0,0,3,0,4,4,0
2018-12-19,0,0,0,0,0,0,0,0,0
2018-12-20,0,3,0,3,4,4,6,6,8
2018-12-21,0,0,0,0,1,1,1,0,0
2018-12-22,0,0,0,0,0,0,0,0,0
2018-12-23,0,0,0,0,0,0,0,0,0
2018-12-24,0,1,0,0,1,1,7,0,0
2018-12-25,0,0,0,0,4,0,0,0,0
2018-12-26,0,0,0,0,4,0,0,0,0
2018-12-27,0,0,0,0,1,2,0,0,0
2018-12-28,0,0,0,0,1,1,4,0,0
2018-12-29,0,0,0,0,0,0,0,0,0
2018-12-30,0,0,0,0,0,0,0,0,2
2018-12-31,0,0,0,0,2,0,0,0,0
2019-01-01,0,0,4,0,0,0,7,0,0
2019-01-02,0,0,0,0,0,0,0,0,0
2019-01-03,0,0,2,0,5,4,2,8,0
2019-01-04,0,0,0,0,1,1,0,4,0
2019-01-05,0,0,0,0,4,0,1,2,0
2019-01-06,0,0,0,0,5,0,1,0,1
2019-01-07,0,0,0,0,8,0,18,8,4
2019-01-08,0,0,0,0,11,1,7,1,0
2019-01-09,0,0,0,0,5,2,4,1,1
2019-01-10,0,0,0,0,0,0,0,0,0
2019-01-11,0,0,0,0,5,4,14,0,1
2019-01-12,0,0,0,0,0,0,0,0,0
2019-01-13,0,0,0,0,0,0,0,0,0
2019-01-14,0,0,0,2,5,0,4,0,1
2019-01-15,0,0,0,0,4,2,0,0,0
2019-01-16,0,0,6,5,37,6,9,10,4
2019-01-17,0,0,0,0,1,2,1,0,2
2019-01-18,0,0,0,0,4,0,1,0,0
2019-01-19,0,0,0,0,9,0,0,0,4
2019-01-20,0,0,0,0,0,0,0,0,0
2019-01-21,0,0,0,4,9,5,4,4,0
2019-01-22,0,0,5,0,1,1,1,0,0
2019-01-23,0,2,0,0,2,0,4,3,0
2019-01-24,0,0,1,1,3,1,4,8,0
2019-01-25,0,0,0,5,3,0,0,0,0
2019-01-26,0,0,0,0,0,0,0,0,0
2019-01-27,0,0,0,0,6,1,12,2,0
2019-01-28,0,0,0,0,4,5,0,10,0
2019-01-29,0,0,3,0,8,1,13,2,0
2019-01-30,0,0,2,0,1,0,0,6,0
2019-01-31,0,0,0,1,11,2,5,1,0
2019-02-01,0,0,0,0,5,2,0,4,0
2019-02-02,0,0,5,0,0,0,0,0,0
2019-02-03,0,5,0,0,0,0,10,0,0
2019-02-04,0,0,0,0,11,2,4,5,5
2019-02-05,0,0,0,0,0,0,0,0,0
2019-02-06,0,0,0,0,0,0,0,1,0
2019-02-07,0,0,0,1,4,4,4,14,2
2019-02-08,0,0,0,0,2,0,0,0,0
2019-02-09,0,0,0,0,4,0,0,2,0
2019-02-10,0,0,0,0,3,0,3,3,0
2019-02-11,0,0,0,0,11,0,1,0,2
2019-02-12,0,0,4,0,4,0,0,0,0
2019-02-13,1,0,4,4,5,2,0,4,2
2019-02-14,0,0,0,1,2,2,2,2,0
2019-02-15,0,0,0,0,2,1,0,1,0
2019-02-16,0,0,0,0,0,0,0,4,0
2019-02-17,0,0,0,0,0,3,5,8,0
2019-02-18,0,0,0,0,0,0,0,0,1
2019-02-19,0,0,3,0,4,5,4,0,0
2019-02-20,0,0,0,0,4,1,0,3,0
2019-02-21,0,0,0,0,4,1,0,4,4
2019-02-22,0,0,1,1,3,0,0,0,0
2019-02-23,0,0,0,0,0,0,0,0,0
2019-02-24,0,0,0,0,3,6,3,3,0
2019-02-25,0,0,1,0,4,4,5,5,0
2019-02-26,0,0,0,0,10,0,6,23,0
2019-02-27,0,0,0,5,7,1,8,2,0
2019-02-28,0,1,0,0,9,1,1,4,0
2019-03-01,0,0,0,0,4,0,0,0,0
2019-03-02,0,0,0,0,5,0,0,0,0
2019-03-03,0,0,0,0,0,0,2,0,0
2019-03-04,0,1,0,0,1,0,0,0,0
2019-03-05,0,0,1,0,8,0,0,0,0
2019-03-06,0,0,0,1,5,0,1,0,0
2019-03-07,0,0,1,0,6,0,3,2,0
2019-03-08,0,0,0,0,0,0,0,1,0
2019-03-09,0,0,0,0,0,0,3,0,0
2019-03-10,0,0,0,0,0,0,0,0,0
2019-03-11,0,2,2,2,8,0,2,0,0
2019-03-12,0,0,4,0,1,4,1,1,0
2019-03-13,0,0,0,0,0,0,2,0,0
2019-03-14,0,1,0,5,8,0,8,3,5
2019-03-15,0,2,1,0,8,5,4,0,0
2019-03-16,0,0,0,0,3,0,0,0,0
2019-03-17,0,0,0,0,0,0,0,0,0
2019-03-18,0,0,0,0,5,1,7,5,0
2019-03-19,0,0,0,0,2,3,1,0,2
2019-03-20,0,0,2,0,15,1,2,0,0
2019-03-21,0,7,2,10,31,3,22,8,0
2019-03-22,0,0,0,2,9,3,4,5,5
2019-03-23,0,0,0,0,0,0,0,0,0
2019-03-24,0,0,0,0,2,0,1,0,0
2019-03-25,0,0,0,0,12,6,15,3,0
2019-03-26,0,0,0,0,0,0,4,0,0
2019-03-27,0,0,0,0,5,0,0,1,1
2019-03-28,0,0,0,3,0,0,2,0,0
2019-03-29,0,0,0,2,2,0,7,0,0
2019-03-30,0,3,0,0,7,0,0,0,0
2019-03-31,0,0,0,0,0,0,0,0,0
2019-04-01,0,0,0,0,1,1,0,0,0
2019-04-02,2,0,0,0,4,0,0,2,0
2019-04-03,0,0,0,0,2,5,11,2,4
2019-04-04,0,0,0,0,4,3,4,0,1
2019-04-05,0,0,0,0,4,0,2,0,2
2019-04-06,0,0,0,0,0,0,0,0,0
2019-04-07,0,0,0,0,3,2,2,0,0
2019-04-08,0,0,0,0,0,0,4,0,0
2019-04-09,0,0,0,0,3,0,0,2,0
2019-04-10,0,0,0,0,1,0,3,1,0
2019-04-11,0,0,0,2,4,0,12,2,0
2019-04-12,0,0,5,0,13,0,2,0,0
2019-04-13,0,0,0,0,3,0,0,0,0
2019-04-14,0,0,0,0,0,0,0,0,0
2019-04-15,0,0,0,0,6,0,3,0,0
2019-04-16,0,0,0,0,5,0,2,0,0
2019-04-17,0,0,0,4,4,7,6,2,0
2019-04-18,0,0,0,0,1,1,0,4,4
2019-04-19,0,0,0,0,5,5,0,0,0
2019-04-20,0,0,0,0,0,0,0,3,0
2019-04-21,0,0,1,0,0,0,2,0,0
2019-04-22,0,0,3,0,16,3,19,3,14
2019-04-23,0,0,0,0,2,0,0,3,1
2019-04-24,1,0,0,1,1,1,0,5,0
2019-04-25,0,0,0,0,1,1,1,0,0
2019-04-26,0,0,3,0,9,0,0,8,0
2019-04-27,0,0,0,0,0,0,0,0,0
2019-04-28,0,0,0,0,0,0,0,0,0
2019-04-29,0,0,0,0,6,0,2,0,0
2019-04-30,0,0,0,0,5,1,4,0,0
2019-05-01,0,0,0,4,0,4,0,0,0
2019-05-02,0,4,0,1,2,1,0,4,0
2019-05-03,0,0,0,0,4,1,2,0,0
2019-05-04,0,0,0,0,0,0,0,0,0
2019-05-05,0,0,0,0,0,0,0,0,0
2019-05-06,0,0,0,0,7,0,0,0,0
2019-05-07,0,0,0,0,4,2,0,0,0
2019-05-08,0,0,0,0,0,0,0,0,0
2019-05-09,0,0,0,1,2,0,0,3,0
2019-05-10,0,0,0,0,5,1,6,0,0
2019-05-11,0,0,3,0,0,0,4,0,0
2019-05-12,0,0,0,0,4,0,2,0,4
2019-05-13,0,3,1,5,23,0,19,15,0
2019-05-14,0,0,0,2,14,4,8,2,3
2019-05-15,0,0,0,0,0,0,10,0,4
2019-05-16,1,1,6,3,17,5,4,1,0
2019-05-17,0,0,0,0,15,1,0,0,6
2019-05-18,0,0,0,0,0,0,0,0,0
2019-05-19,0,0,0,0,1,1,0,0,4
2019-05-20,0,1,1,0,1,0,2,0,0
2019-05-21,0,1,0,0,0,0,0,0,0
2019-05-22,0,0,0,0,1,0,1,0,0
2019-05-23,1,0,0,0,1,0,1,0,0
2019-05-24,0,0,0,0,1,1,0,0,0
2019-05-25,0,0,0,0,0,0,1,0,0
2019-05-26,0,0,1,0,4,0,0,0,0
2019-05-27,0,0,0,0,12,2,1,0,0
2019-05-28,0,0,0,0,1,0,1,0,0
2019-05-29,0,0,0,0,5,0,1,0,0
2019-05-30,0,0,0,1,2,0,0,0,0
2019-05-31,3,0,0,0,3,0,0,3,0
2019-06-01,0,0,0,1,0,0,0,0,0
2019-06-02,0,0,0,0,0,0,0,3,0
2019-06-03,0,0,2,0,7,0,10,4,5
2019-06-04,0,3,0,3,20,0,7,0,0
2019-06-05,4,0,4,0,21,4,8,12,9
2019-06-06,0,0,0,0,18,1,6,17,9
2019-06-07,0,0,4,4,12,0,12,1,0
2019-06-08,0,0,0,0,2,0,0,0,0
2019-06-09,0,0,0,0,1,0,0,0,0
2019-06-10,0,0,0,0,1,0,0,0,0
2019-06-11,0,0,0,2,0,0,4,0,0
2019-06-12,0,0,3,0,4,1,3,0,0
2019-06-13,0,0,0,1,3,1,2,0,0
2019-06-14,1,0,1,0,8,0,3,2,0
2019-06-15,0,3,0,0,2,4,1,0,0
2019-06-16,4,0,0,0,14,6,2,1,0
2019-06-17,0,0,0,0,4,4,4,0,0
2019-06-18,0,0,0,0,2,0,0,0,0
2019-06-19,0,0,0,1,2,1,0,2,0
2019-06-20,0,0,0,4,8,1,7,4,2
2019-06-21,0,0,0,0,1,0,0,4,4
2019-06-22,0,0,0,0,2,0,2,2,1
2019-06-23,0,0,0,0,8,0,3,0,0
2019-06-24,0,0,0,0,8,0,10,2,1
2019-06-25,0,0,0,0,0,0,2,0,0
2019-06-26,0,0,0,0,2,3,9,3,2
2019-06-27,0,0,0,0,1,0,2,0,4
2019-06-28,0,0,0,0,0,0,0,0,0
2019-06-29,0,0,0,0,2,0,4,0,0
2019-06-30,0,3,2,0,9,2,3,4,0
2019-07-01,0,8,17,6,10,9,13,12,0
2019-07-02,0,0,0,1,5,1,1,0,0
2019-07-03,0,4,0,6,3,5,3,1,1
2019-07-04,1,3,0,0,6,0,0,1,0
2019-07-05,0,3,0,0,4,0,5,0,0
2019-07-06,0,0,0,0,0,0,0,0,0
2019-07-07,0,0,0,4,0,0,3,0,0
2019-07-08,0,0,0,0,10,0,8,0,0
2019-07-09,0,3,0,0,11,6,0,0,4
2019-07-10,0,0,0,0,11,3,5,2,0
2019-07-11,0,0,0,0,1,2,1,0,0
2019-07-12,0,0,0,0,3,1,2,0,2
2019-07-13,0,0,0,0,0,0,2,0,0
2019-07-14,0,4,0,0,9,4,4,0,0
2019-07-15,0,2,0,0,0,6,6,0,2
2019-07-16,0,0,0,0,1,0,4,0,0
2019-07-17,0,0,0,0,13,4,9,0,3
2019-07-18,0,0,2,0,6,2,6,1,0
2019-07-19,0,1,2,0,9,2,2,4,0
2019-07-20,0,0,2,3,13,2,2,0,0
2019-07-21,0,0,0,0,3,0,7,0,0
2019-07-22,0,0,0,0,17,1,6,3,0
2019-07-23,0,0,0,0,14,0,2,0,1
2019-07-24,0,8,8,0,13,0,3,0,2
2019-07-25,0,0,6,0,14,6,0,6,0
2019-07-26,0,0,1,0,3,1,1,0,0
2019-07-27,0,0,0,0,0,0,0,0,0
2019-07-28,0,4,8,0,0,0,0,0,0
2019-07-29,0,4,0,0,0,1,8,0,0
2019-07-30,0,0,0,0,0,0,4,0,0
2019-07-31,0,0,0,0,35,1,0,5,0
2019-08-01,0,0,0,0,34,0,0,5,0
2019-08-02,0,0,4,0,13,1,0,2,0
2019-08-03,0,0,0,0,0,0,0,0,0
2019-08-04,0,0,0,0,0,0,4,4,0
2019-08-05,0,0,0,1,2,1,0,0,0
2019-08-06,0,0,4,0,0,0,0,0,0
2019-08-07,0,0,0,0,0,0,0,0,0
2019-08-08,0,0,0,4,14,0,2,0,0
2019-08-09,0,0,2,0,2,3,2,2,0
2019-08-10,0,0,0,0,0,0,0,0,0
2019-08-11,0,0,0,0,0,0,0,0,0
2019-08-12,0,0,0,0,7,0,0,0,0
2019-08-13,0,0,0,0,4,0,0,0,0
2019-08-14,4,0,0,4,10,0,15,10,0
2019-08-15,0,0,1,1,1,0,0,0,0
2019-08-16,0,0,0,0,1,1,1,0,0
2019-08-17,0,0,0,0,0,0,0,0,0
2019-08-18,0,1,0,1,1,0,1,0,0
2019-08-19,0,0,0,0,1,0,1,2,0
2019-08-20,0,0,2,2,7,0,2,2,0
2019-08-21,0,0,0,0,2,0,6,3,0
2019-08-22,0,0,1,0,4,7,0,0,0
2019-08-23,0,0,0,0,7,0,0,1,0
2019-08-24,0,0,0,0,0,1,0,0,0
2019-08-25,0,0,0,0,12,4,0,0,0
2019-08-26,0,0,0,0,0,0,0,1,0
2019-08-27,0,0,0,4,0,0,2,0,0
2019-08-28,2,0,0,0,2,2,0,0,0
2019-08-29,0,0,0,0,11,0,0,3,0
2019-08-30,0,0,0,1,12,0,1,1,0
2019-08-31,0,1,0,1,0,5,0,1,1
2019-09-01,0,0,0,0,5,0,1,0,0
2019-09-02,0,0,7,0,14,1,8,3,0
2019-09-03,4,0,4,0,4,0,0,4,0
2019-09-04,0,0,3,0,6,0,10,7,0
2019-09-05,1,0,0,2,24,5,1,6,1
2019-09-06,0,0,0,0,1,4,9,1,1
2019-09-07,0,0,0,0,0,0,0,0,0
2019-09-08,0,0,0,0,0,0,0,0,0
2019-09-09,0,0,0,0,7,3,2,2,0
2019-09-10,0,0,1,1,4,0,4,7,4
2019-09-11,0,0,6,0,2,4,6,0,0
2019-09-12,0,0,0,0,0,3,0,4,0
2019-09-13,0,0,0,0,0,0,0,0,2
2019-09-14,0,8,0,1,10,0,0,0,0
2019-09-15,0,0,0,0,0,0,4,0,0
2019-09-16,0,0,0,0,1,0,0,0,0
2019-09-17,0,0,0,0,5,0,0,2,5
2019-09-18,0,0,2,0,8,0,5,2,0
2019-09-19,0,0,4,4,10,2,6,0,0
2019-09-20,0,0,2,0,44,1,31,15,0
2019-09-21,0,4,0,3,4,0,0,0,0
2019-09-22,0,0,5,0,14,0,12,8,4
2019-09-23,0,0,0,0,67,6,44,5,11
2019-09-24,0,0,0,0,66,5,44,5,11
2019-09-25,0,0,0,0,1,2,0,1,0
2019-09-26,0,0,0,1,7,1,15,5,0
2019-09-27,0,0,8,0,13,1,1,4,2
2019-09-28,0,0,0,0,0,0,0,0,0
2019-09-29,0,0,0,0,3,0,0,0,0
2019-09-30,0,0,0,0,5,0,4,4,0
2019-10-01,0,1,0,0,3,0,0,0,0
2019-10-02,0,0,0,0,1,1,0,0,0
2019-10-03,0,0,1,0,1,1,0,0,1
2019-10-04,0,0,0,0,3,0,0,2,0
2019-10-05,0,0,0,0,0,0,0,0,0
2019-10-06,0,0,0,0,0,0,1,0,0
2019-10-07,0,0,0,0,1,1,0,0,0
2019-10-08,0,0,0,0,4,8,0,0,8
2019-10-09,0,0,0,0,1,1,0,0,1
2019-10-10,0,0,0,0,5,2,1,4,2
2019-10-11,0,0,1,0,0,0,9,0,0
2019-10-12,0,2,0,0,11,0,3,10,1
2019-10-13,0,0,0,0,5,0,0,5,0
2019-10-14,0,0,0,0,1,1,0,0,0
2019-10-15,0,0,0,0,0,0,0,0,0
2019-10-16,0,0,0,0,5,0,4,4,4
2019-10-17,0,0,0,0,8,1,0,0,0
2019-10-18,0,0,0,0,1,0,6,0,0
2019-10-19,0,0,0,0,0,0,0,0,0
2019-10-20,0,0,0,0,0,0,0,0,0
2019-10-21,0,0,0,1,1,0,1,0,0
2019-10-22,0,0,0,0,1,0,5,0,0
2019-10-23,0,0,0,0,2,1,0,0,4
2019-10-24,0,0,2,0,7,1,8,1,0
2019-10-25,0,0,1,0,1,0,2,0,6
2019-10-26,0,0,0,0,9,0,1,0,0
2019-10-27,0,0,0,0,0,0,1,0,0
2019-10-28,0,0,0,0,2,0,5,2,0
2019-10-29,0,0,0,0,1,0,0,0,0
2019-10-30,0,3,5,3,8,4,6,3,0
2019-10-31,0,1,0,0,0,1,0,0,0
2019-11-01,0,0,1,0,13,0,8,11,0
2019-11-02,0,0,0,0,1,1,0,1,0
2019-11-03,0,0,0,0,3,0,0,0,0
2019-11-04,0,0,0,1,12,1,6,2,0
2019-11-05,0,0,0,0,11,0,3,2,0
2019-11-06,0,0,0,1,5,0,0,0,0
2019-11-07,0,4,4,4,17,2,0,8,4
2019-11-08,0,0,0,0,13,2,7,3,4
2019-11-09,0,0,0,0,0,0,9,0,0
2019-11-10,0,0,10,0,8,0,10,8,0
2019-11-11,0,0,0,0,1,1,2,0,0
2019-11-12,0,0,0,0,7,1,6,0,0
2019-11-13,0,0,0,0,4,0,0,3,0
2019-11-14,0,0,0,0,6,1,2,0,0
2019-11-15,0,0,0,0,1,0,4,1,0
2019-11-16,0,0,0,0,0,0,0,0,0
2019-11-17,0,0,0,0,3,0,0,0,0
2019-11-18,0,0,0,0,6,0,12,4,0
2019-11-19,0,0,3,0,0,0,0,0,0
2019-11-20,0,0,0,0,3,0,1,0,0
2019-11-21,0,0,0,0,6,0,0,1,0
2019-11-22,0,0,2,1,2,2,5,6,6
2019-11-23,0,0,0,0,0,0,0,0,0
2019-11-24,0,0,4,0,8,6,8,1,4
2019-11-25,0,0,3,0,9,0,0,0,0
2019-11-26,0,0,7,4,9,5,8,8,8
2019-11-27,0,0,6,0,0,3,15,16,16
2019-11-28,0,0,0,0,9,0,1,0,0
2019-11-29,0,0,0,0,8,0,1,0,0
2019-11-30,0,0,0,0,0,5,5,5,0
2019-12-01,0,0,0,0,0,5,7,5,0
2019-12-02,0,0,0,0,2,0,0,2,0
2019-12-03,0,0,0,0,6,0,0,2,0
2019-12-04,0,0,2,0,9,0,3,5,6
2019-12-05,0,0,6,0,12,3,13,15,0
2019-12-06,0,0,0,0,4,6,6,2,1
2019-12-07,0,0,0,0,0,0,0,0,0
2019-12-08,0,0,0,0,0,0,0,0,0
2019-12-09,0,0,0,0,2,0,0,0,0
2019-12-10,0,0,4,4,3,0,9,0,0
2019-12-11,0,0,1,0,0,0,3,1,0
2019-12-12,0,0,0,1,14,0,4,4,0
2019-12-13,0,0,0,0,1,0,0,0,1
2019-12-14,0,0,0,0,4,0,1,0,1
2019-12-15,0,0,0,8,31,14,39,4,12
2019-12-16,0,0,9,0,4,0,0,13,0
2019-12-17,0,2,0,0,19,0,22,0,24
2019-12-18,0,0,2,5,7,0,4,4,4
2019-12-19,0,0,0,0,7,1,4,1,0
2019-12-20,0,0,0,7,0,1,1,0,0
2019-12-21,0,0,0,0,0,0,0,0,0
2019-12-22,0,0,0,0,24,8,4,0,0
2019-12-23,0,0,0,0,34,8,5,2,0
2019-12-24,0,0,0,0,7,1,0,0,0
2019-12-25,0,0,0,0,6,3,3,0,0
2019-12-26,0,0,0,0,0,0,0,0,0
2019-12-27,0,0,0,1,2,1,0,0,0
2019-12-28,0,0,0,0,3,0,0,0,0
2019-12-29,0,0,0,0,0,0,0,0,0
2019-12-30,3,3,0,0,11,2,0,4,3
2019-12-31,0,0,0,0,6,0,0,0,0
2020-01-01,0,4,0,0,3,0,0,0,0
2020-01-02,0,0,6,2,12,12,19,17,0
2020-01-03,4,0,0,0,4,0,0,0,1
2020-01-04,0,0,0,0,0,3,0,0,0
2020-01-05,0,0,0,0,2,0,0,5,4
2020-01-06,0,0,0,0,0,4,4,5,3
2020-01-07,0,0,1,0,1,2,0,3,0
2020-01-08,0,0,0,2,0,0,3,0,0
2020-01-09,0,0,2,0,4,0,0,2,0
2020-01-10,0,0,0,3,0,0,6,1,2
2020-01-11,0,0,0,0,2,0,0,0,0
2020-01-12,0,0,0,0,0,0,0,0,0
2020-01-13,0,0,0,0,6,2,3,2,0
2020-01-14,0,0,5,0,5,2,4,3,0
2020-01-15,0,0,0,0,0,2,0,0,0
2020-01-16,0,0,0,0,9,0,4,3,0
2020-01-17,0,0,2,2,42,0,8,3,4
2020-01-18,0,0,0,0,4,0,0,0,0
2020-01-19,0,0,0,2,4,0,4,2,0
2020-01-20,0,0,0,0,0,0,3,0,5
2020-01-21,0,0,0,0,5,1,3,0,1
2020-01-22,0,0,4,0,15,0,0,4,3
2020-01-23,0,0,0,0,0,0,0,0,0
2020-01-24,0,4,0,0,0,3,2,0,0
2020-01-25,0,0,0,0,6,0,0,0,3
2020-01-26,0,0,0,0,0,0,0,0,0
2020-01-27,0,0,0,0,0,0,0,0,0
2020-01-28,0,0,0,0,0,0,0,1,0
2020-01-29,0,0,0,0,1,0,3,0,0
2020-01-30,0,0,1,0,2,0,0,0,0
2020-01-31,0,3,0,0,0,0,3,4,0
2020-02-01,0,0,0,0,0,0,3,6,0
2020-02-02,0,0,0,0,3,0,0,0,0
2020-02-03,0,0,1,0,25,0,12,8,2
2020-02-04,0,0,4,0,0,1,0,1,0
2020-02-05,0,0,0,0,1,0,0,0,0
2020-02-06,0,0,1,1,2,0,4,0,0
2020-02-07,0,0,0,0,6,0,2,4,0
2020-02-08,0,0,2,0,6,0,5,1,0
2020-02-09,0,0,0,0,0,0,3,0,0
2020-02-10,0,0,0,0,4,0,0,0,1
2020-02-11,1,0,0,0,4,2,0,0,0
2020-02-12,3,3,0,4,11,0,14,1,0
2020-02-13,3,7,0,6,14,0,13,4,0
2020-02-14,0,0,0,0,3,0,8,3,0
2020-02-15,0,0,0,0,7,0,0,0,0
2020-02-16,0,0,0,2,4,0,2,4,0
2020-02-17,0,0,0,5,15,5,6,4,0
2020-02-18,0,0,0,0,13,0,6,12,0
2020-02-19,0,0,5,0,5,3,11,3,0
2020-02-20,0,0,1,0,4,1,0,1,0
2020-02-21,0,0,0,0,0,0,0,0,4
2020-02-22,0,0,0,0,0,0,0,0,0
2020-02-23,0,0,0,0,3,0,0,0,0
2020-02-24,0,0,4,0,16,4,4,0,0
2020-02-25,0,0,0,0,0,0,0,0,1
2020-02-26,0,0,0,0,1,0,0,0,7
2020-02-27,0,0,0,0,2,1,6,1,0
2020-02-28,0,0,0,0,1,0,1,0,3
2020-02-29,0,0,0,1,13,0,2,4,0
2020-03-01,0,4,4,3,1,0,8,0,3
2020-03-02,0,0,0,0,5,0,3,0,0
2020-03-03,0,6,6,0,15,6,4,1,6
2020-03-04,0,0,2,0,4,0,2,6,0
2020-03-05,0,0,5,0,0,0,4,2,3
2020-03-06,0,0,0,0,15,0,0,0,3
2020-03-07,0,0,0,0,0,0,0,0,0
2020-03-08,0,0,0,0,0,0,0,0,0
2020-03-09,0,0,0,0,5,0,8,1,0
2020-03-10,0,0,1,0,8,2,0,0,0
2020-03-11,0,0,5,0,12,4,4,9,0
2020-03-12,0,0,0,0,6,2,3,0,2
2020-03-13,0,2,0,2,0,3,0,1,1
2020-03-14,0,0,0,0,0,0,0,0,0
2020-03-15,0,0,4,0,79,8,5,1,0
2020-03-16,0,0,0,0,0,0,1,0,0
2020-03-17,0,0,0,1,1,0,0,1,1
2020-03-18,0,0,0,0,5,0,0,0,0
2020-03-19,0,0,0,0,6,0,3,0,0
2020-03-20,0,0,3,0,6,0,7,0,0
2020-03-21,0,0,0,0,4,0,4,0,0
2020-03-22,0,4,0,0,5,0,8,0,0
2020-03-23,0,3,0,1,0,0,5,0,0
2020-03-24,0,0,0,0,4,0,3,2,0
2020-03-25,0,0,0,0,6,0,0,2,0
2020-03-26,0,0,0,0,1,0,0,0,0
2020-03-27,0,0,0,0,1,0,0,0,0
2020-03-28,0,0,0,0,0,0,0,0,0
2020-03-29,0,0,0,0,0,0,0,0,0
2020-03-30,0,0,0,0,0,4,7,4,0
2020-03-31,0,0,0,0,2,0,0,1,2
2020-04-01,0,0,0,0,0,0,0,0,0
2020-04-02,0,0,0,0,0,0,4,0,0
2020-04-03,0,0,0,0,6,0,4,0,0
2020-04-04,0,0,0,0,0,0,2,0,0
2020-04-05,0,0,1,0,3,0,0,0,9
2020-04-06,0,0,0,0,3,0,1,0,0
2020-04-07,0,0,0,0,0,0,1,0,0
2020-04-08,0,0,0,0,1,0,0,0,0
2020-04-09,0,0,1,1,4,0,4,0,0
2020-04-10,0,0,1,0,0,0,0,0,0
2020-04-11,0,0,2,0,3,0,1,0,1
2020-04-12,0,0,0,0,0,0,0,0,0
2020-04-13,0,0,6,0,0,0,6,0,6
2020-04-14,0,1,0,0,1,0,0,1,1
2020-04-15,0,0,5,4,8,0,4,2,1
2020-04-16,0,0,0,0,0,4,5,0,0
2020-04-17,0,0,0,0,1,0,0,8,0
2020-04-18,0,0,0,0,1,0,0,0,0
2020-04-19,0,0,0,0,0,0,0,0,0
2020-04-20,0,0,0,0,3,0,9,0,0
2020-04-21,0,0,0,0,0,0,0,0,0
2020-04-22,1,2,1,4,5,0,3,3,1
2020-04-23,6,0,6,0,12,0,0,0,0
2020-04-24,0,0,0,0,0,0,0,0,0
2020-04-25,0,0,0,0,0,0,0,0,0
2020-04-26,0,0,0,0,1,0,2,0,5
2020-04-27,0,0,0,0,0,0,0,0,0
2020-04-28,0,0,3,0,2,0,0,0,0
2020-04-29,0,0,0,0,10,0,6,5,2
2020-04-30,0,1,1,0,4,1,0,0,0
2020-05-01,0,0,0,0,1,0,0,0,0
2020-05-02,0,0,0,2,10,6,3,0,0
2020-05-03,0,0,0,0,3,0,2,6,4
2020-05-04,0,0,0,0,3,0,2,6,4
2020-05-05,0,0,0,0,1,0,7,2,6
2020-05-06,0,0,0,0,2,0,2,0,0
2020-05-07,0,0,0,0,8,0,5,0,0
2020-05-08,0,0,0,0,3,1,0,2,0
2020-05-09,0,0,0,0,4,0,0,0,0
2020-05-10,0,0,13,0,8,0,6,0,0
2020-05-11,0,0,0,4,12,8,17,12,8
2020-05-12,0,0,0,0,6,0,2,0,1
2020-05-13,0,0,0,0,4,0,1,0,0
2020-05-14,0,0,2,0,4,0,6,0,0
2020-05-15,0,0,0,0,1,0,3,0,0
2020-05-16,0,1,0,0,1,0,0,0,0
2020-05-17,0,0,0,0,14,8,3,15,0
2020-05-18,0,0,0,1,10,0,4,3,12
2020-05-19,0,0,0,0,2,1,6,0,0
2020-05-20,0,0,0,0,3,0,1,2,0
2020-05-21,0,4,9,0,4,4,10,3,2
2020-05-22,0,0,0,0,2,2,3,0,0
2020-05-23,0,0,0,0,28,0,0,0,0
2020-05-24,0,0,0,0,0,3,0,0,3
2020-05-25,0,0,0,0,7,2,0,2,0
2020-05-26,0,0,0,0,0,0,1,0,4
2020-05-27,0,0,0,0,13,3,6,3,0
2020-05-28,0,11,8,0,13,4,8,5,0
2020-05-29,0,0,0,0,0,0,0,0,0
2020-05-30,0,0,0,0,0,0,0,0,0
2020-05-31,0,0,0,0,3,0,0,0,0
2020-06-01,0,0,0,0,5,0,6,0,3
2020-06-02,2,4,0,4,15,4,8,0,0
2020-06-03,0,0,0,0,0,0,3,0,0
2020-06-04,0,0,0,0,0,3,7,0,1
2020-06-05,0,0,0,0,0,0,0,5,0
2020-06-06,0,0,0,0,6,3,6,0,0
2020-06-07,0,0,0,0,10,0,6,0,0
2020-06-08,0,0,0,0,2,0,8,0,0
2020-06-09,0,0,0,0,0,0,2,0,0
2020-06-10,0,0,3,1,2,1,0,0,0
2020-06-11,0,0,0,0,0,0,3,5,0
2020-06-12,0,0,0,0,0,0,16,1,10
2020-06-13,0,0,4,0,0,0,0,0,0
2020-06-14,0,0,0,0,0,0,0,0,0
2020-06-15,0,0,3,0,7,0,1,5,0
2020-06-16,0,0,0,0,16,0,4,7,0
2020-06-17,0,0,0,4,24,1,11,5,0
2020-06-18,0,0,0,0,3,0,0,0,0
2020-06-19,0,0,0,0,5,2,0,1,1
2020-06-20,0,0,0,0,3,0,0,0,0
2020-06-21,0,1,0,0,3,0,2,0,0
2020-06-22,0,0,0,0,3,0,4,0,0
2020-06-23,0,0,0,0,8,0,3,5,1
2020-06-24,0,2,0,0,1,0,0,0,5
2020-06-25,0,0,0,0,0,0,0,0,3
2020-06-26,0,0,0,4,18,14,13,12,0
2020-06-27,0,0,5,0,4,0,0,0,0
2020-06-28,0,4,0,0,10,2,0,1,0
2020-06-29,0,3,0,6,13,6,6,16,0
2020-06-30,0,0,0,0,0,0,2,0,0
2020-07-01,0,0,0,0,2,0,2,1,0
2020-07-02,0,0,0,0,9,3,0,4,0
2020-07-03,0,0,0,0,3,0,4,1,0
2020-07-04,0,0,0,0,0,0,2,0,0
2020-07-05,0,0,0,0,6,0,6,1,0
2020-07-06,0,0,0,6,17,2,7,20,0
2020-07-07,0,0,1,0,7,1,0,3,0
2020-07-08,0,0,4,4,22,4,0,9,0
2020-07-09,0,0,0,3,1,1,0,1,0
2020-07-10,0,0,0,0,9,1,2,1,4
2020-07-11,0,0,0,0,0,0,0,0,0
2020-07-12,0,0,0,0,9,1,1,4,0
2020-07-13,0,0,0,0,3,1,5,4,4
2020-07-14,0,4,0,0,8,2,9,1,0
2020-07-15,0,0,0,2,0,0,3,2,0
2020-07-16,0,0,0,3,1,0,6,2,0
2020-07-17,0,0,0,0,3,0,0,2,0
2020-07-18,0,0,0,0,0,0,0,0,0
2020-07-19,0,1,0,1,0,2,2,0,0
2020-07-20,0,1,0,0,18,0,12,1,2
2020-07-21,0,0,0,0,43,5,19,6,8
2020-07-22,0,0,0,0,7,0,8,1,2
2020-07-23,0,6,0,3,7,6,10,18,6
2020-07-24,0,0,0,0,10,0,2,4,0
2020-07-25,0,0,0,0,7,2,0,4,0
2020-07-26,1,0,1,0,13,0,7,2,0
2020-07-27,0,0,0,0,0,0,0,0,0
2020-07-28,0,0,0,0,17,0,6,0,0
2020-07-29,0,0,6,0,6,0,7,3,4
2020-07-30,0,0,6,0,10,0,3,3,0
2020-07-31,0,0,0,0,3,0,0,0,0
2020-08-01,0,0,0,0,1,0,0,0,0
2020-08-02,0,2,2,6,14,3,20,3,0
2020-08-03,0,0,0,0,1,0,0,0,0
2020-08-04,0,0,0,0,3,1,2,2,0
2020-08-05,0,0,0,0,6,1,1,0,0
2020-08-06,1,0,4,0,14,0,5,4,1
2020-08-07,0,0,5,0,10,10,10,10,5
2020-08-08,0,0,0,0,0,0,0,1,0
2020-08-09,0,0,0,0,0,0,1,0,0
2020-08-10,0,0,4,0,25,0,6,2,0
2020-08-11,0,0,0,0,4,0,3,0,0
2020-08-12,0,0,0,0,4,4,1,2,5
2020-08-13,0,2,0,0,1,0,0,0,0
2020-08-14,0,0,0,0,1,0,3,3,3
2020-08-15,0,4,0,0,0,0,0,0,0
2020-08-16,0,0,0,0,0,0,6,0,0
2020-08-17,0,0,0,0,1,0,0,1,1
2020-08-18,0,0,5,1,4,3,0,12,0
2020-08-19,0,0,0,0,0,0,0,5,5
2020-08-20,0,0,1,1,1,0,7,8,0
2020-08-21,0,0,0,1,6,3,2,0,0
2020-08-22,0,0,0,0,0,0,0,0,0
2020-08-23,0,0,0,0,11,2,7,2,0
2020-08-24,0,4,3,6,12,0,6,11,8
2020-08-25,0,1,2,0,10,4,2,3,1
2020-08-26,0,0,0,0,0,2,0,0,0
2020-08-27,0,0,0,0,0,0,0,0,0
2020-08-28,0,0,0,2,2,2,1,0,0
2020-08-29,0,0,0,0,0,0,0,0,0
2020-08-30,0,0,0,0,7,2,6,2,1
2020-08-31,2,0,0,0,2,0,1,0,0
2020-09-01,0,0,0,2,6,2,5,7,4
2020-09-02,0,0,2,0,5,0,0,0,0
2020-09-03,0,0,0,0,9,0,1,0,3
2020-09-04,2,0,5,0,7,0,0,7,2
2020-09-05,0,0,0,0,0,0,0,0,0
2020-09-06,0,0,0,0,1,0,0,8,0
2020-09-07,0,0,2,0,0,0,0,0,0
2020-09-08,0,1,0,0,9,1,0,0,1
2020-09-09,0,0,6,0,24,6,7,12,6
2020-09-10,0,6,3,5,0,3,10,1,1
2020-09-11,0,0,0,0,1,0,0,5,2
2020-09-12,0,0,0,0,0,4,0,0,0
2020-09-13,0,3,0,3,4,0,0,1,0
2020-09-14,0,0,1,0,4,0,5,4,1
2020-09-15,0,0,3,0,7,0,8,3,5
2020-09-16,0,1,1,0,2,0,2,6,8
2020-09-17,0,7,7,0,4,0,1,1,0
2020-09-18,0,0,0,0,3,1,2,2,3
2020-09-19,0,0,0,0,5,0,3,0,0
2020-09-20,0,2,0,0,3,3,2,0,0
2020-09-21,0,0,5,0,1,1,0,13,4
2020-09-22,0,0,0,0,0,0,0,0,2
2020-09-23,1,0,0,0,3,0,3,1,0
2020-09-24,0,0,0,0,1,0,0,4,0
2020-09-25,0,0,0,0,11,0,0,11,0
2020-09-26,0,0,0,0,36,0,0,0,0
2020-09-27,0,0,0,0,0,0,1,0,0
2020-09-28,0,0,0,0,2,0,1,0,0
2020-09-29,0,2,0,0,5,2,2,2,2
2020-09-30,0,1,0,4,8,3,10,2,5
2020-10-01,0,0,0,0,3,0,7,4,1
2020-10-02,0,0,3,0,4,3,10,0,6
2020-10-03,0,0,0,0,3,0,0,0,0
2020-10-04,0,0,1,0,1,0,2,0,1
2020-10-05,0,0,0,0,3,0,2,4,0
2020-10-06,0,0,0,0,8,5,0,5,1
2020-10-07,0,3,2,0,7,0,1,0,2
2020-10-08,0,0,0,2,3,2,2,4,0
2020-10-09,0,0,0,0,1,0,6,0,0
2020-10-10,0,0,0,0,3,0,0,0,0
2020-10-11,0,0,0,0,3,0,0,6,0
2020-10-12,0,0,1,0,12,2,1,7,0
2020-10-13,0,0,0,0,3,7,0,5,0
2020-10-14,0,0,2,0,0,0,2,0,0
2020-10-15,0,12,0,0,93,3,37,14,0
2020-10-16,0,0,0,0,1,0,2,0,0
2020-10-17,1,0,0,0,1,0,0,1,1
2020-10-18,0,0,0,0,0,0,0,0,0
2020-10-19,0,0,0,0,3,0,0,9,3
2020-10-20,0,0,0,0,2,1,2,0,0
2020-10-21,0,0,0,0,10,2,0,1,0
2020-10-22,0,0,0,0,9,0,0,1,0
2020-10-23,0,0,0,0,7,0,5,0,1
2020-10-24,1,1,0,0,3,1,0,0,0
2020-10-25,0,0,0,0,2,0,0,0,0
2020-10-26,0,0,0,7,2,0,1,0,2
2020-10-27,0,0,1,0,12,4,6,2,0
2020-10-28,0,3,0,0,22,10,2,1,3
2020-10-29,0,0,2,1,7,0,22,0,0
2020-10-30,0,0,0,0,4,0,1,0,0
2020-10-31,0,0,0,0,1,0,4,0,0
2020-11-01,0,0,1,0,16,0,3,0,0
2020-11-02,0,0,4,0,4,0,2,4,0
2020-11-03,0,6,0,0,8,9,14,11,2
2020-11-04,0,0,0,0,1,1,1,0,0
2020-11-05,0,0,0,0,5,0,0,0,4
2020-11-06,0,0,0,0,10,0,3,2,0
2020-11-07,0,0,0,0,3,0,1,0,0
2020-11-08,0,0,0,0,0,0,0,0,0
2020-11-09,0,0,0,4,3,2,0,7,0
2020-11-10,0,0,0,1,8,2,3,1,0
2020-11-11,0,0,0,0,9,0,3,0,0
2020-11-12,0,0,0,0,6,0,4,0,0
2020-11-13,0,1,4,0,15,8,18,0,12
2020-11-14,0,2,0,1,2,0,2,0,0
2020-11-15,0,0,0,0,8,0,4,1,0
2020-11-16,0,0,0,4,9,0,5,7,3
2020-11-17,0,0,0,3,3,2,8,12,3
2020-11-18,0,1,0,2,0,0,1,2,0
2020-11-19,0,1,0,0,15,0,19,5,4
2020-11-20,0,2,2,2,7,0,8,13,5
2020-11-21,0,0,0,0,24,0,0,0,0
2020-11-22,0,0,0,0,0,0,0,0,0
2020-11-23,0,3,0,0,0,1,1,4,0
2020-11-24,0,0,3,0,7,0,1,4,0
2020-11-25,0,0,0,1,3,0,1,0,0
2020-11-26,0,0,9,0,9,0,10,4,0
2020-11-27,0,0,9,0,7,0,13,5,0
2020-11-28,0,0,0,0,0,5,8,14,9
2020-11-29,0,0,0,0,2,9,4,5,0
2020-11-30,0,0,0,0,1,5,7,5,0
2020-12-01,0,0,3,0,24,0,19,13,16
2020-12-02,0,0,0,0,12,0,5,13,12
2020-12-03,0,0,0,0,3,0,4,4,0
2020-12-04,0,0,1,2,13,2,13,10,0
2020-12-05,0,0,4,4,12,4,21,14,0
2020-12-06,0,0,9,0,4,0,2,2,1
2020-12-07,0,4,0,0,4,0,4,0,0
2020-12-08,0,0,0,0,5,0,5,2,0
2020-12-09,0,3,6,1,9,0,7,5,4
2020-12-10,0,0,0,2,10,1,6,1,1
2020-12-11,0,0,0,0,2,0,2,0,0
2020-12-12,0,0,0,0,0,0,0,0,0
2020-12-13,0,0,0,0,4,0,2,2,2
2020-12-14,0,0,0,0,5,2,5,6,3
2020-12-15,2,0,0,0,15,0,5,2,0
2020-12-16,0,0,0,0,12,0,2,6,2
2020-12-17,0,4,3,6,5,0,4,5,5
2020-12-18,0,0,0,9,16,2,0,0,0
2020-12-19,0,3,0,0,2,2,8,2,6
2020-12-20,0,0,0,0,2,0,2,0,2
2020-12-21,0,0,0,0,5,0,2,1,0
2020-12-22,0,0,0,0,4,0,10,0,4
2020-12-23,0,0,0,0,8,0,3,0,0
2020-12-24,0,0,0,0,5,1,5,6,6
2020-12-25,0,2,0,0,23,0,10,8,8
2020-12-26,0,0,0,0,0,0,0,0,0
2020-12-27,0,0,4,0,15,0,0,4,0
2020-12-28,0,0,5,2,19,7,22,14,12
2020-12-29,0,4,1,2,8,0,16,12,9
2020-12-30,0,0,0,6,13,4,8,6,1
2020-12-31,0,0,0,0,1,0,0,0,0
2021-01-01,0,0,0,0,3,0,2,0,0
2021-01-02,0,0,0,0,0,0,0,0,0
2021-01-03,0,0,0,0,0,0,0,3,0
2021-01-04,0,0,0,0,1,0,0,5,0
2021-01-05,0,0,0,0,0,0,0,0,0
2021-01-06,0,0,2,4,18,0,13,6,2
2021-01-07,0,0,2,0,0,0,1,1,0
2021-01-08,2,1,2,5,25,1,1,4,0
2021-01-09,0,0,0,0,0,0,0,1,0
2021-01-10,0,4,0,0,8,0,6,0,0
2021-01-11,0,1,1,7,5,2,4,2,0
2021-01-12,2,2,3,5,16,2,6,4,4
2021-01-13,0,8,13,7,25,4,36,15,6
2021-01-14,0,0,0,1,4,0,2,2,0
2021-01-15,0,0,6,4,5,0,9,2,0
2021-01-16,0,3,3,4,3,0,6,3,0
2021-01-17,0,0,0,1,7,1,7,0,0
2021-01-18,4,0,0,0,9,0,9,0,0
2021-01-19,0,1,0,0,6,0,3,0,0
2021-01-20,0,0,1,0,9,4,0,5,1
2021-01-21,0,0,1,0,11,3,0,4,0
2021-01-22,0,8,0,3,5,0,4,4,1
2021-01-23,0,0,0,3,3,0,1,3,0
2021-01-24,0,0,2,6,7,0,5,10,0
2021-01-25,0,4,4,0,72,1,2,9,0
2021-01-26,0,0,4,1,12,6,5,4,4
2021-01-27,0,0,0,0,5,7,7,7,12
2021-01-28,2,0,2,0,30,0,4,2,2
2021-01-29,0,0,13,6,20,0,9,4,3
2021-01-30,0,0,3,5,0,4,1,0,0
2021-01-31,0,0,3,0,14,4,14,4,2
2021-02-01,0,0,4,0,16,3,20,0,0
2021-02-02,0,0,4,0,17,2,15,4,0
2021-02-03,0,0,0,8,9,4,22,1,2
2021-02-04,0,1,4,3,28,6,18,12,0
2021-02-05,0,1,1,4,34,4,10,13,1
2021-02-06,0,0,0,2,0,0,1,4,0
2021-02-07,0,0,0,10,49,6,8,1,0
2021-02-08,0,1,1,2,18,1,3,5,0
2021-02-09,0,0,1,0,8,2,1,6,0
2021-02-10,0,3,1,1,4,2,11,0,0
2021-02-11,0,3,0,4,4,0,3,0,4
2021-02-12,0,0,2,6,12,8,6,7,1
2021-02-13,0,0,1,0,0,0,0,0,0
2021-02-14,0,0,0,1,0,0,0,0,0
2021-02-15,0,4,0,0,4,0,20,0,0
2021-02-16,0,0,0,3,7,0,3,0,0
2021-02-17,2,0,0,6,11,3,6,1,0
2021-02-18,0,0,4,5,19,1,28,8,4
2021-02-19,0,3,0,3,1,0,7,4,2
2021-02-20,0,0,2,0,0,0,15,0,0
2021-02-21,0,0,2,8,3,1,6,3,2
2021-02-22,0,1,1,2,7,1,4,4,4
2021-02-23,1,0,3,3,8,1,1,1,0
2021-02-24,0,0,0,0,5,21,14,9,0
2021-02-25,0,4,3,4,10,11,17,18,4
2021-02-26,0,0,3,1,6,3,0,3,2
2021-02-27,0,0,0,1,0,0,0,0,0
2021-02-28,0,0,0,1,1,1,0,0,0
2021-03-01,0,0,2,1,11,0,4,4,1
2021-03-02,0,0,9,1,19,1,9,1,2
2021-03-03,0,1,0,0,14,0,1,1,0
2021-03-04,0,2,0,7,8,0,9,0,0
2021-03-05,0,1,5,0,22,14,6,7,2
2021-03-06,0,2,0,2,5,2,9,2,3
2021-03-07,0,0,0,1,0,0,0,0,0
2021-03-08,3,2,11,14,22,8,9,8,4
2021-03-09,8,0,12,0,8,3,22,6,5
2021-03-10,0,0,1,10,27,9,21,10,1
2021-03-11,0,1,0,5,20,8,10,4,4
2021-03-12,0,6,3,3,10,4,0,5,2
2021-03-13,0,0,0,0,16,0,0,3,0
2021-03-14,0,1,4,4,5,5,0,4,5
2021-03-15,0,0,4,4,10,4,19,8,12
2021-03-16,0,0,9,5,19,8,9,20,0
2021-03-17,0,1,18,1,7,0,13,10,0
2021-03-18,0,3,0,0,17,0,25,8,0
2021-03-19,9,3,25,11,112,2,24,0,0
2021-03-20,0,7,2,2,10,0,0,0,0
2021-03-21,0,2,12,1,5,0,13,0,1
2021-03-22,0,0,3,1,9,12,4,8,2
2021-03-23,3,4,3,0,17,6,11,7,1
2021-03-24,0,11,4,1,20,8,16,11,3
2021-03-25,0,0,9,1,25,0,8,8,0
2021-03-26,0,1,2,4,10,1,3,0,0
2021-03-27,0,0,3,1,17,0,0,4,0
2021-03-28,5,2,1,1,14,1,14,8,0
2021-03-29,0,1,3,0,21,2,16,12,1
2021-03-30,0,1,4,0,11,6,2,3,0
2021-03-31,0,0,8,9,1,0,2,2,7
2021-04-01,0,0,1,4,18,1,23,6,9
2021-04-02,1,2,0,4,12,7,6,4,8
2021-04-03,3,2,2,3,5,2,2,0,0
2021-04-04,0,8,7,0,7,6,0,5,0
2021-04-05,8,0,0,0,35,6,26,2,12
2021-04-06,1,0,0,0,6,1,7,1,2
2021-04-07,2,5,7,3,13,0,11,12,2
2021-04-08,0,0,14,3,8,5,24,11,0
2021-04-09,5,1,9,2,22,5,6,5,5
2021-04-10,0,2,0,0,7,0,2,0,0
2021-04-11,0,0,10,7,12,1,9,3,0
2021-04-12,7,11,17,13,59,20,38,10,16
2021-04-13,0,2,0,7,16,0,25,4,5
2021-04-14,0,2,0,0,7,0,11,2,4
2021-04-15,0,1,0,0,0,3,4,6,15
2021-04-16,0,36,6,5,33,5,4,5,0
2021-04-17,0,1,0,2,27,13,20,4,9
2021-04-18,2,0,4,8,4,0,8,6,2
2021-04-19,0,3,3,0,16,3,4,2,7
2021-04-20,0,0,4,0,15,7,7,0,2
2021-04-21,0,0,4,7,26,12,14,20,2
2021-04-22,0,2,3,6,9,4,1,7,0
2021-04-23,0,4,21,30,63,8,30,24,8
2021-04-24,0,3,1,3,5,2,0,5,0
2021-04-25,0,5,6,0,1,0,0,4,7
2021-04-26,0,10,7,1,25,15,20,3,0
2021-04-27,0,4,2,8,15,1,11,5,1
2021-04-28,0,2,3,11,20,14,12,0,3
2021-04-29,10,13,7,16,88,15,24,12,10
2021-04-30,1,3,4,4,17,0,9,8,5
2021-05-01,0,0,9,1,14,2,20,6,4
2021-05-02,0,0,0,0,5,0,1,3,0
2021-05-03,4,3,1,7,34,0,9,25,4
2021-05-04,0,7,2,6,13,5,13,2,1
2021-05-05,0,3,12,10,65,10,27,15,14
2021-05-06,0,12,4,4,7,13,3,0,0
2021-05-07,0,5,6,3,18,7,13,11,5
2021-05-08,3,1,4,0,11,13,10,3,0
2021-05-09,0,1,4,0,0,0,5,1,3
2021-05-10,0,2,8,0,16,11,14,8,3
2021-05-11,2,2,9,6,46,7,28,25,12
2021-05-12,0,0,6,8,13,2,8,10,0
2021-05-13,0,4,8,21,18,7,12,14,2
2021-05-14,0,0,3,6,21,10,19,4,3
2021-05-15,0,8,6,0,12,3,23,3,0
2021-05-16,0,0,7,0,12,0,0,8,4
2021-05-17,0,0,13,5,18,2,10,5,0
2021-05-18,4,6,2,5,17,2,15,10,2
2021-05-19,0,0,4,4,3,7,8,5,3
2021-05-20,0,3,0,15,39,14,26,13,11
2021-05-21,5,13,8,8,22,17,14,12,5
2021-05-22,0,6,4,10,28,1,6,4,0
2021-05-23,2,2,0,0,4,7,0,2,2
2021-05-24,0,5,2,2,19,0,17,7,3
2021-05-25,0,4,10,2,27,13,21,16,5
2021-05-26,0,5,4,2,16,7,3,10,0
2021-05-27,0,8,6,5,37,15,29,10,0
2021-05-28,0,2,12,6,26,8,18,4,0
2021-05-29,0,0,0,0,3,3,9,0,0
2021-05-30,0,5,4,22,13,0,14,4,0
2021-05-31,0,6,22,7,13,7,28,24,2
2021-06-01,0,2,11,5,13,8,15,10,0
2021-06-02,0,7,6,1,17,5,19,14,1
2021-06-03,4,9,6,7,34,10,28,15,6
2021-06-04,6,8,0,10,22,12,2,18,1
2021-06-05,0,0,2,0,0,0,4,0,0
2021-06-06,0,2,5,1,6,2,1,0,0
2021-06-07,0,3,6,11,24,7,6,8,6
2021-06-08,0,0,5,0,14,4,13,30,2
2021-06-09,0,0,9,21,18,0,8,22,20
2021-06-10,5,5,4,2,13,10,18,16,10
2021-06-11,0,2,11,6,23,4,11,9,0
2021-06-12,0,1,0,0,4,0,4,3,0
2021-06-13,0,0,8,8,38,7,39,20,12
2021-06-14,0,8,13,13,35,4,20,6,2
2021-06-15,0,2,8,4,12,0,7,10,4
2021-06-16,0,0,5,7,16,2,32,20,3
2021-06-17,0,6,1,5,21,4,19,5,1
2021-06-18,0,0,3,1,29,5,13,1,2
2021-06-19,0,2,5,4,17,2,13,2,2
2021-06-20,1,0,0,3,5,0,6,11,6
2021-06-21,0,1,3,6,44,2,16,5,6
2021-06-22,0,3,7,6,33,13,24,11,1
2021-06-23,0,6,1,7,22,2,16,17,7
2021-06-24,2,4,3,10,6,4,7,0,0
2021-06-25,16,9,2,25,58,15,21,28,6
2021-06-26,0,0,0,0,0,0,0,0,0
2021-06-27,0,0,0,0,20,0,15,4,1
2021-06-28,0,0,6,12,13,7,5,4,10
2021-06-29,0,14,10,6,20,2,21,34,6
2021-06-30,2,2,4,0,5,6,23,4,0
2021-07-01,0,0,0,9,12,4,19,8,2
2021-07-02,2,3,8,4,21,3,8,9,7
2021-07-03,0,0,0,0,9,2,0,8,0
2021-07-04,0,3,3,9,7,3,9,0,0
2021-07-05,0,2,4,2,2,2,26,18,2
2021-07-06,3,14,10,3,18,6,12,4,6
2021-07-07,0,0,0,12,16,1,7,0,0
2021-07-08,2,0,8,0,38,4,14,4,0
2021-07-09,0,0,0,0,4,0,1,1,0
2021-07-10,0,0,0,3,3,10,9,8,6
2021-07-11,3,6,1,0,2,0,1,0,0
2021-07-12,0,0,13,0,6,0,2,3,4
2021-07-13,0,0,2,11,4,2,6,6,0
2021-07-14,0,12,4,0,47,10,19,24,4
2021-07-15,0,2,1,9,14,5,12,10,2
2021-07-16,0,0,6,7,29,8,7,7,10
2021-07-17,0,1,0,0,0,0,0,0,0
2021-07-18,0,1,0,8,9,1,11,0,3
2021-07-19,1,1,4,10,19,6,17,34,4
2021-07-20,0,7,9,1,2,0,13,5,5
2021-07-21,0,2,4,8,16,0,34,6,6
2021-07-22,1,7,0,11,30,13,21,19,9
2021-07-23,1,3,6,5,41,6,23,5,5
2021-07-24,0,0,0,0,2,3,2,3,0
2021-07-25,0,0,1,6,10,2,7,4,0
2021-07-26,1,1,2,0,10,0,10,0,0
2021-07-27,0,1,8,8,25,10,8,17,26
2021-07-28,1,3,5,10,18,8,24,10,1
2021-07-29,0,2,9,5,14,0,17,5,5
2021-07-30,3,0,6,5,3,7,10,48,1
2021-07-31,3,0,1,1,14,1,16,1,4
2021-08-01,0,0,4,0,4,2,2,1,0
2021-08-02,3,0,4,13,28,6,21,9,1
2021-08-03,0,0,9,5,16,13,21,7,1
2021-08-04,0,2,11,6,16,4,12,14,4
2021-08-05,0,1,9,3,8,7,5,2,6
2021-08-06,0,4,3,19,16,19,22,3,0
2021-08-07,0,0,3,2,3,0,1,0,7
2021-08-08,6,6,4,5,7,5,4,0,4
2021-08-09,0,0,2,2,10,7,8,2,0
2021-08-10,0,4,7,5,10,2,13,4,5
2021-08-11,0,1,8,2,6,3,18,9,0
2021-08-12,0,5,4,5,8,9,18,5,4
2021-08-13,0,6,0,5,9,4,7,8,5
2021-08-14,0,2,1,3,3,0,2,5,1
2021-08-15,0,0,0,0,1,0,0,0,0
2021-08-16,0,0,1,4,11,6,5,2,3
2021-08-17,0,4,8,1,24,14,30,4,0
2021-08-18,1,2,3,23,19,1,27,14,13
2021-08-19,1,16,7,1,12,9,14,4,0
2021-08-20,0,4,6,4,48,7,44,17,4
2021-08-21,0,0,2,2,0,2,4,4,0
2021-08-22,0,2,1,3,7,1,11,5,0
2021-08-23,0,3,1,4,10,1,14,2,5
2021-08-24,3,0,1,1,5,6,9,13,0
2021-08-25,6,2,3,3,20,2,20,11,3
2021-08-26,1,0,8,1,15,3,7,0,0
2021-08-27,4,1,0,0,43,10,26,15,0
2021-08-28,0,2,6,1,8,2,2,0,0
2021-08-29,0,0,1,0,4,0,1,3,0
2021-08-30,2,9,3,15,17,1,8,6,0
2021-08-31,0,4,0,1,32,1,9,7,4
2021-09-01,1,3,4,3,16,1,13,2,0
2021-09-02,7,3,8,18,34,3,24,9,5
2021-09-03,4,10,0,18,48,4,12,1,0
2021-09-04,0,0,0,0,0,0,0,0,0
2021-09-05,1,2,9,24,21,2,12,23,12
2021-09-06,0,9,6,10,13,3,12,3,2
2021-09-07,0,8,3,24,34,4,21,30,6
2021-09-08,0,1,0,15,25,5,23,12,6
2021-09-09,0,4,5,16,3,8,6,0,1
2021-09-10,0,1,4,2,21,5,17,11,0
2021-09-11,0,0,0,0,1,0,0,0,0
2021-09-12,0,0,5,4,6,0,14,2,4
2021-09-13,0,4,11,5,21,8,18,4,6
2021-09-14,0,3,3,5,28,9,23,7,1
2021-09-15,0,0,2,4,16,0,6,7,6
2021-09-16,0,0,4,7,15,19,14,7,2
2021-09-17,4,7,16,17,66,20,25,19,2
2021-09-18,0,0,1,6,8,3,4,0,0
2021-09-19,0,9,0,1,2,0,0,2,0
2021-09-20,0,1,8,4,13,7,17,25,5
2021-09-21,0,1,1,2,21,2,6,6,2
2021-09-22,1,1,1,9,10,0,10,8,4
2021-09-23,0,5,2,4,52,3,36,10,0
2021-09-24,3,15,10,6,14,4,14,7,6
2021-09-25,2,2,9,6,11,1,11,3,1
2021-09-26,5,0,1,8,9,1,1,4,1
2021-09-27,0,0,0,17,41,9,55,15,7
2021-09-28,0,5,2,1,21,3,19,5,0
2021-09-29,0,1,3,9,34,8,5,18,8
2021-09-30,6,12,14,51,45,20,75,58,27
2021-10-01,12,14,9,7,32,5,29,14,19
2021-10-02,1,2,12,3,4,1,10,7,0
2021-10-03,1,0,2,0,14,0,7,8,8
2021-10-04,0,5,17,20,17,3,3,2,2
2021-10-05,0,1,5,1,44,17,19,34,8
2021-10-06,0,6,10,3,35,5,22,9,3
2021-10-07,0,1,6,6,5,0,7,1,3
2021-10-08,0,0,4,0,24,4,7,8,3
2021-10-09,9,8,1,3,5,9,0,0,0
2021-10-10,0,0,5,2,8,3,7,3,1
2021-10-11,0,3,2,12,20,3,13,8,6
2021-10-12,0,1,19,18,111,7,22,23,25
2021-10-13,0,0,3,14,11,1,3,2,3
2021-10-14,0,1,17,9,27,6,33,23,6
2021-10-15,0,9,4,5,5,4,22,12,3
2021-10-16,0,0,0,0,2,1,1,0,0
2021-10-17,0,1,2,2,5,0,3,11,0
2021-10-18,1,0,7,2,20,5,15,1,8
2021-10-19,0,3,9,0,14,0,7,12,4
2021-10-20,0,2,2,3,31,12,17,4,0
2021-10-21,0,1,5,18,19,9,24,6,2
2021-10-22,4,3,0,1,15,1,10,2,0
2021-10-23,0,3,3,0,5,9,2,1,0
2021-10-24,0,5,0,14,49,2,31,12,20
2021-10-25,7,2,0,6,28,13,15,16,2
2021-10-26,0,0,4,6,14,0,0,0,0
2021-10-27,0,6,6,19,20,9,14,11,0
2021-10-28,0,6,4,1,16,0,13,13,5
2021-10-29,1,3,0,4,18,0,8,4,0
2021-10-30,0,2,3,0,2,2,4,1,0
2021-10-31,0,0,0,0,8,3,5,2,2
2021-11-01,0,0,12,21,13,2,12,6,0
2021-11-02,0,0,0,1,8,4,2,8,2
2021-11-03,6,6,2,10,30,4,5,7,20
2021-11-04,1,4,6,20,12,5,16,6,0
2021-11-05,0,0,0,7,3,1,12,3,2
2021-11-06,0,0,0,0,0,0,0,0,0
2021-11-07,0,0,1,9,21,0,8,1,0
2021-11-08,0,0,0,4,15,3,5,1,7
2021-11-09,0,4,7,3,40,6,28,20,4
2021-11-10,0,3,8,11,9,1,12,3,0
2021-11-11,0,0,3,2,25,4,24,0,1
2021-11-12,0,1,3,0,13,9,6,19,2
2021-11-13,0,1,1,0,6,1,2,4,0
2021-11-14,0,0,0,2,2,1,7,6,0
2021-11-15,4,4,5,21,36,4,26,5,2
2021-11-16,0,0,0,9,50,10,39,4,5
2021-11-17,0,1,3,1,22,15,7,12,3
2021-11-18,0,2,1,0,12,11,31,9,5
2021-11-19,0,1,4,4,25,1,16,6,0
2021-11-20,0,2,0,0,1,0,4,4,0
2021-11-21,0,4,0,0,29,0,5,6,4
2021-11-22,0,0,0,2,11,0,7,4,2
2021-11-23,0,0,10,13,49,20,33,19,6
2021-11-24,0,2,0,3,31,2,14,13,9
2021-11-25,0,3,1,1,25,12,8,6,2
2021-11-26,0,0,5,1,33,0,18,13,1
2021-11-27,0,1,1,5,4,4,12,4,3
2021-11-28,0,0,0,1,8,5,3,0,0
2021-11-29,3,0,4,13,33,6,28,12,1
2021-11-30,0,11,16,12,22,4,14,7,5
2021-12-01,0,4,1,6,17,11,23,8,1
2021-12-02,1,5,2,4,23,10,13,15,6
2021-12-03,0,9,0,6,19,2,19,4,1
2021-12-04,0,2,0,0,2,0,6,6,2
2021-12-05,0,6,8,13,57,0,30,24,4
2021-12-06,8,5,6,7,6,0,6,13,2
2021-12-07,3,1,4,8,22,3,26,13,8
2021-12-08,0,0,1,1,13,7,13,14,17
2021-12-09,2,0,1,0,27,8,22,6,0
2021-12-10,1,1,3,13,9,1,3,10,3
2021-12-11,0,2,0,0,16,2,11,4,0
2021-12-12,0,1,1,2,12,3,11,4,0
2021-12-13,0,10,4,9,42,12,9,7,2
2021-12-14,1,2,0,13,38,4,24,11,4
2021-12-15,0,0,0,2,12,0,7,10,3
2021-12-16,0,4,1,4,29,2,14,11,0
2021-12-17,0,0,0,8,8,5,19,6,4
2021-12-18,0,3,3,0,14,4,3,3,0
2021-12-19,1,0,3,3,3,2,3,0,5
2021-12-20,0,9,15,12,32,4,21,11,2
2021-12-21,0,4,0,4,11,4,7,5,0
2021-12-22,0,0,26,16,32,1,12,8,0
2021-12-23,0,7,3,7,4,0,11,7,4
2021-12-24,0,1,2,8,8,1,8,14,0
2021-12-25,0,0,6,0,1,4,1,0,1
2021-12-26,0,0,1,4,42,3,18,31,1
2021-12-27,0,2,8,7,59,10,22,9,13
2021-12-28,2,3,11,18,37,2,38,6,11
2021-12-29,12,14,13,11,45,0,18,10,10
2021-12-30,0,0,1,0,22,11,10,7,0
2021-12-31,0,0,0,0,15,0,9,2,0
2022-01-01,0,2,0,4,0,0,2,0,0
2022-01-02,3,0,8,1,15,0,3,6,11
2022-01-03,0,3,4,3,25,7,5,15,6
2022-01-04,2,0,9,16,24,4,16,5,13
2022-01-05,0,5,0,5,19,1,7,10,3
2022-01-06,0,4,4,3,43,6,19,12,14
2022-01-07,0,0,0,1,10,0,5,3,5
2022-01-08,0,0,4,3,5,6,11,5,0
2022-01-09,1,9,1,0,8,0,0,5,3
2022-01-10,0,8,9,16,30,8,32,18,1
2022-01-11,0,2,0,4,20,5,26,10,3
2022-01-12,0,0,5,3,26,17,24,11,3
2022-01-13,6,1,8,6,9,3,26,19,7
2022-01-14,4,7,8,4,26,8,14,14,1
2022-01-15,0,0,0,0,5,0,2,1,0
2022-01-16,0,2,14,6,12,9,2,8,5
2022-01-17,0,1,9,10,6,10,8,3,10
2022-01-18,0,6,11,20,27,0,20,5,7
2022-01-19,0,1,8,15,36,8,14,10,0
2022-01-20,0,18,27,9,55,2,69,10,0
2022-01-21,0,4,10,10,68,13,45,14,16
2022-01-22,1,0,4,10,13,4,16,19,2
2022-01-23,0,0,8,1,22,14,13,0,15
2022-01-24,1,8,9,10,33,2,22,10,5
2022-01-25,0,1,1,1,21,5,31,28,0
2022-01-26,0,6,10,15,53,16,34,11,1
2022-01-27,2,4,5,8,18,4,21,10,5
2022-01-28,0,4,0,20,46,0,34,15,1
2022-01-29,0,6,0,5,19,23,12,19,3
2022-01-30,0,1,0,0,1,0,1,2,0
2022-01-31,0,4,1,2,23,0,2,3,0
2022-02-01,0,9,27,4,30,15,41,35,22
2022-02-02,0,5,3,3,28,2,15,7,4
2022-02-03,0,1,5,10,26,9,16,0,1
2022-02-04,7,7,12,11,35,11,26,10,13
2022-02-05,0,0,0,0,0,0,0,1,0
2022-02-06,0,0,12,3,6,7,1,2,2
2022-02-07,0,2,0,8,11,8,10,9,7
2022-02-08,0,4,13,7,77,0,46,15,4
2022-02-09,0,8,5,10,43,14,15,17,0
2022-02-10,0,3,1,8,49,18,40,7,2
2022-02-11,0,1,17,5,55,13,12,4,3
2022-02-12,0,1,3,1,7,6,10,2,4
2022-02-13,0,1,0,9,10,2,10,6,3
2022-02-14,4,7,0,12,16,9,19,15,0
2022-02-15,1,4,8,4,39,5,10,15,18
2022-02-16,0,0,6,12,36,4,15,5,14
2022-02-17,6,11,7,7,16,9,26,10,7
2022-02-18,0,1,0,4,9,0,12,10,8
2022-02-19,0,0,2,2,1,1,0,2,1
2022-02-20,0,3,3,7,13,3,11,16,0
2022-02-21,1,0,6,0,13,3,18,7,2
2022-02-22,1,1,5,16,52,15,30,2,8
2022-02-23,0,1,2,4,12,0,16,8,3
2022-02-24,6,0,8,5,32,2,13,11,2
2022-02-25,2,5,5,13,38,13,13,8,0
2022-02-26,0,0,1,1,4,1,7,4,1
2022-02-27,1,0,0,10,4,10,8,0,4
2022-02-28,0,0,1,2,12,8,14,7,0
2022-03-01,1,0,1,5,25,3,9,7,0
2022-03-02,3,1,20,1,15,1,44,5,2
2022-03-03,0,0,3,0,41,6,19,16,0
2022-03-04,0,12,5,10,30,12,22,18,5
2022-03-05,1,2,7,8,4,0,3,0,0
2022-03-06,0,6,10,6,35,10,18,9,12
2022-03-07,1,6,14,10,32,14,16,28,8
2022-03-08,12,0,12,11,19,9,39,22,9
2022-03-09,2,4,7,2,44,14,24,15,13
2022-03-10,0,6,5,16,35,2,7,6,6
2022-03-11,0,2,1,0,22,5,15,9,2
2022-03-12,0,0,0,0,0,0,7,1,0
2022-03-13,0,7,0,1,8,15,11,6,0
2022-03-14,0,7,16,5,57,2,15,11,4
2022-03-15,1,9,8,0,21,7,22,10,3
2022-03-16,3,12,4,1,19,3,6,2,0
2022-03-17,1,0,0,12,31,7,19,5,1
2022-03-18,0,0,8,18,39,2,28,20,1
2022-03-19,0,4,0,0,15,1,3,1,1
2022-03-20,0,0,1,7,9,2,11,3,0
2022-03-21,3,0,6,10,31,8,7,6,4
2022-03-22,0,6,6,9,16,3,23,4,2
2022-03-23,0,3,1,11,21,13,30,9,3
2022-03-24,0,0,5,4,23,6,11,11,0
2022-03-25,0,4,3,13,70,18,10,4,0
2022-03-26,0,0,0,4,0,0,0,0,0
2022-03-27,0,0,0,3,13,5,5,21,0
2022-03-28,0,5,3,3,63,19,43,52,17
2022-03-29,2,2,0,3,12,7,12,8,4
2022-03-30,5,0,6,4,5,0,15,0,0
2022-03-31,0,1,4,1,41,0,7,7,0
2022-04-01,0,3,7,3,24,9,15,7,9
2022-04-02,0,0,0,1,15,4,3,3,0
2022-04-03,0,0,5,8,5,4,12,8,0
2022-04-04,0,12,20,20,93,10,28,17,6
2022-04-05,0,4,5,1,22,5,11,1,0
2022-04-06,6,8,0,3,25,5,16,13,1
2022-04-07,0,0,10,4,37,9,16,8,2
2022-04-08,0,2,4,3,32,11,14,6,4
2022-04-09,0,0,0,0,0,0,0,0,0
2022-04-10,0,7,0,8,11,0,8,2,0
2022-04-11,0,6,1,0,32,0,19,9,4
2022-04-12,0,0,1,0,13,14,12,8,5
2022-04-13,0,10,0,1,36,6,10,1,18
2022-04-14,6,4,3,10,26,1,26,7,5
2022-04-15,0,3,3,7,31,8,35,28,21
2022-04-16,0,5,4,0,12,5,17,0,0
2022-04-17,0,0,0,0,9,2,5,9,6
2022-04-18,0,0,8,9,16,4,17,5,0
2022-04-19,0,4,1,1,24,12,24,7,0
2022-04-20,0,4,2,3,22,0,9,5,3
2022-04-21,0,0,1,0,19,7,10,15,0
2022-04-22,0,2,2,6,30,1,24,17,4
2022-04-23,0,0,0,0,13,2,10,31,10
2022-04-24,0,1,4,2,51,2,16,4,0
2022-04-25,1,0,2,9,57,6,23,22,6
2022-04-26,0,1,1,3,24,7,15,10,6
2022-04-27,0,4,2,13,30,3,34,20,8
2022-04-28,0,2,0,1,18,2,14,18,4
2022-04-29,0,0,9,4,25,4,20,5,3
2022-04-30,0,3,8,0,42,4,42,14,4
2022-05-01,0,0,8,1,27,0,5,9,4
2022-05-02,0,4,6,7,22,7,46,14,1
2022-05-03,0,12,3,6,23,6,15,13,0
2022-05-04,0,1,6,5,34,10,10,4,4
2022-05-05,0,5,1,13,12,1,12,5,3
2022-05-06,3,3,5,4,62,3,12,4,0
2022-05-07,0,7,6,0,17,2,7,1,0
2022-05-08,0,0,0,1,12,4,15,4,5
2022-05-09,0,0,4,8,56,6,10,5,5
2022-05-10,0,7,8,8,39,6,37,17,0
2022-05-11,0,0,0,10,42,1,27,20,9
2022-05-12,0,17,1,4,60,22,29,14,6
2022-05-13,0,0,3,0,15,1,9,9,0
2022-05-14,0,0,2,3,5,3,8,3,0
2022-05-15,1,1,0,0,12,3,0,0,0
2022-05-16,0,0,3,1,14,4,17,14,2
2022-05-17,0,14,11,1,41,7,21,5,6
2022-05-18,4,19,8,12,25,6,1,8,6
2022-05-19,0,0,2,0,35,9,23,32,12
2022-05-20,0,0,14,9,58,27,10,3,0
2022-05-21,0,0,5,0,6,1,4,4,0
2022-05-22,0,0,0,3,17,0,11,27,0
2022-05-23,0,1,5,0,10,3,3,1,0
2022-05-24,5,10,5,14,18,14,14,23,0
2022-05-25,0,0,4,10,32,7,16,14,5
2022-05-26,0,3,3,7,8,0,18,12,1
2022-05-27,5,0,6,16,43,6,33,67,34
2022-05-28,0,0,0,0,3,0,0,5,0
2022-05-29,0,5,0,1,4,4,5,4,4
2022-05-30,0,2,3,5,23,3,14,16,18
2022-05-31,3,4,5,10,27,9,48,14,23
2022-06-01,0,0,0,0,53,15,12,15,5
2022-06-02,0,1,5,3,14,0,7,7,5
2022-06-03,0,0,0,0,46,14,34,30,5
2022-06-04,0,1,5,0,11,1,10,6,0
2022-06-05,1,0,0,1,7,2,1,0,1
2022-06-06,0,2,2,3,19,7,9,14,0
2022-06-07,0,6,9,3,37,10,20,1,2
2022-06-08,0,4,8,7,28,11,5,3,8
2022-06-09,0,5,1,4,29,1,2,1,3
2022-06-10,2,7,9,5,17,11,38,14,3
2022-06-11,0,6,0,2,14,0,14,18,0
2022-06-12,0,0,0,3,7,3,13,7,0
2022-06-13,0,0,2,4,36,3,4,10,8
2022-06-14,0,4,5,18,27,11,3,22,10
2022-06-15,0,14,8,0,43,21,38,17,9
2022-06-16,0,0,7,4,58,13,7,12,5
2022-06-17,0,1,4,1,24,6,28,6,1
2022-06-18,0,0,1,0,2,0,1,0,0
2022-06-19,0,1,0,0,15,3,8,6,0
2022-06-20,0,10,2,2,9,1,26,6,0
2022-06-21,0,0,0,5,29,2,15,1,8
2022-06-22,0,3,0,0,20,2,7,10,8
2022-06-23,0,0,0,1,25,1,8,0,0
2022-06-24,1,0,0,1,8,2,2,6,3
2022-06-25,0,0,0,0,3,0,1,0,0
2022-06-26,0,2,0,0,15,2,13,1,2
2022-06-27,0,0,0,3,22,0,15,12,5
2022-06-28,0,5,4,16,140,17,47,0,1
2022-06-29,0,1,0,5,10,2,16,8,3
2022-06-30,6,1,6,20,43,5,30,29,15
2022-07-01,12,0,22,6,42,5,23,14,1
2022-07-02,0,0,0,0,0,2,5,0,2
2022-07-03,9,0,7,26,62,13,22,10,5
2022-07-04,0,2,1,5,6,3,16,5,4
2022-07-05,1,0,4,4,24,1,10,5,0
2022-07-06,0,6,1,7,45,9,28,13,6
2022-07-07,3,12,0,0,34,0,13,15,0
2022-07-08,0,0,5,9,13,4,10,14,7
2022-07-09,0,0,0,0,3,0,0,0,0
2022-07-10,0,0,7,4,25,13,9,11,0
2022-07-11,0,0,0,4,28,10,22,9,8
2022-07-12,0,0,0,4,11,3,13,1,0
2022-07-13,0,1,1,6,14,5,16,1,0
2022-07-14,0,5,8,13,25,6,13,3,1
2022-07-15,0,0,3,24,47,8,13,16,3
2022-07-16,0,0,0,2,21,3,17,16,6
2022-07-17,0,4,7,2,22,0,12,0,7
2022-07-18,0,0,5,2,18,3,16,9,0
2022-07-19,0,2,6,4,15,1,17,18,7
2022-07-20,7,0,0,2,32,5,13,18,14
2022-07-21,0,3,0,2,20,3,7,5,16
2022-07-22,0,0,3,0,26,0,12,11,4
2022-07-23,0,0,3,0,27,0,1,0,0
2022-07-24,0,0,4,0,8,0,4,0,0
2022-07-25,1,4,5,7,50,14,33,22,9
2022-07-26,1,17,33,3,68,8,70,29,16
2022-07-27,0,1,10,7,12,0,46,10,12
2022-07-28,10,7,1,0,26,5,30,14,13
2022-07-29,0,10,6,15,57,20,58,17,20
2022-07-30,0,0,1,0,13,6,3,6,0
2022-07-31,0,7,3,5,32,11,27,12,7
2022-08-01,0,16,10,12,46,15,24,27,1
2022-08-02,5,0,16,3,32,1,33,26,6
2022-08-03,0,13,9,14,38,2,40,16,15
2022-08-04,0,2,4,16,25,6,34,8,5
2022-08-05,0,9,3,15,55,16,47,39,6
2022-08-06,0,0,0,0,5,0,0,0,0
2022-08-07,0,5,10,3,26,5,18,4,4
2022-08-08,0,6,13,21,80,7,23,37,18
2022-08-09,1,5,7,20,41,16,47,46,12
2022-08-10,1,10,7,4,29,6,17,15,5
2022-08-11,3,8,6,6,54,4,15,6,16
2022-08-12,1,16,15,12,37,13,14,21,5
2022-08-13,0,0,0,3,42,15,3,3,2
2022-08-14,0,1,4,4,7,0,2,4,6
2022-08-15,2,11,2,9,42,1,23,16,15
2022-08-16,0,8,8,0,42,0,20,22,0
2022-08-17,6,1,1,6,21,5,23,9,0
2022-08-18,0,15,10,9,49,6,28,13,9
2022-08-19,0,0,34,39,51,49,14,15,1
2022-08-20,1,1,5,21,34,2,32,16,14
2022-08-21,0,7,6,14,32,1,30,12,1
2022-08-22,0,0,1,4,59,23,46,13,14
2022-08-23,0,0,4,5,37,3,43,8,5
2022-08-24,0,1,6,4,58,4,44,7,4
2022-08-25,0,7,1,5,21,1,7,39,10
2022-08-26,1,11,10,9,35,11,12,21,6
2022-08-27,0,0,0,3,2,0,4,0,2
2022-08-28,0,2,4,0,15,4,5,7,3
2022-08-29,1,2,8,25,33,6,23,19,19
2022-08-30,0,3,8,7,41,3,35,28,5
2022-08-31,0,12,0,11,27,1,10,18,10
2022-09-01,2,3,10,8,31,15,24,20,6
2022-09-02,1,2,3,1,19,5,11,7,5
2022-09-03,0,0,1,0,4,1,2,2,0
2022-09-04,0,3,6,0,14,3,2,5,9
2022-09-05,0,0,0,0,30,4,1,1,6
2022-09-06,0,0,1,2,21,1,9,4,9
2022-09-07,0,0,4,4,44,8,23,13,8
2022-09-08,0,5,6,0,22,1,14,0,0
2022-09-09,0,2,6,1,20,0,28,23,6
2022-09-10,0,0,0,0,9,0,0,2,0
2022-09-11,1,1,5,4,5,0,3,4,0
2022-09-12,0,3,3,3,17,1,13,2,2
2022-09-13,0,2,4,5,11,3,12,7,0
2022-09-14,0,0,1,1,8,0,11,6,1
2022-09-15,0,3,4,13,13,3,9,10,2
2022-09-16,0,0,1,3,25,5,7,8,0
2022-09-17,0,0,0,0,0,0,2,0,0
2022-09-18,0,2,5,0,25,3,13,7,9
2022-09-19,0,0,10,0,14,0,16,3,12
2022-09-20,0,0,8,1,9,8,6,4,4
2022-09-21,3,0,4,2,18,4,8,8,0
2022-09-22,0,3,1,0,11,5,13,8,1
2022-09-23,0,0,0,0,7,0,4,0,3
2022-09-24,0,1,0,0,2,2,2,0,0
2022-09-25,0,0,14,9,25,8,13,5,5
2022-09-26,0,1,5,0,17,3,18,4,11
2022-09-27,0,8,6,5,43,9,29,12,10
2022-09-28,0,2,16,10,39,4,9,5,0
2022-09-29,0,0,5,0,15,0,1,0,4
2022-09-30,1,1,0,6,11,4,27,9,9
2022-10-01,0,0,2,0,0,0,6,3,2
2022-10-02,0,1,0,0,5,3,2,7,0
2022-10-03,0,0,2,1,21,22,5,11,3
2022-10-04,0,0,0,4,12,0,16,19,4
2022-10-05,2,6,3,0,28,2,11,9,6
2022-10-06,0,5,0,5,6,1,2,2,1
2022-10-07,0,0,3,1,5,1,12,6,4
2022-10-08,0,0,1,2,33,9,13,4,9
2022-10-09,0,5,1,1,9,3,9,7,0
2022-10-10,6,1,12,7,39,14,25,10,8
2022-10-11,1,0,0,0,13,4,3,5,5
2022-10-12,0,0,1,5,6,8,7,10,0
2022-10-13,0,0,3,6,20,1,11,9,8
2022-10-14,1,3,0,14,23,1,15,21,9
2022-10-15,0,1,5,4,53,1,11,18,0
2022-10-16,0,1,2,1,18,2,11,9,3
2022-10-17,0,0,0,0,10,0,7,12,1
2022-10-18,0,0,6,10,26,4,23,10,0
2022-10-19,0,0,0,0,7,0,15,6,0
2022-10-20,1,1,1,0,2,3,7,4,1
2022-10-21,1,4,0,5,10,2,10,6,2
2022-10-22,0,0,0,1,2,0,4,1,0
2022-10-23,0,12,5,9,19,4,11,2,1
2022-10-24,0,0,0,0,8,2,7,0,10
2022-10-25,3,8,6,10,29,15,14,18,6
2022-10-26,0,0,0,0,2,0,0,1,0
2022-10-27,1,3,14,12,25,2,7,9,4
2022-10-28,3,1,5,4,15,7,19,11,1
2022-10-29,0,5,7,8,11,2,10,7,0
2022-10-30,1,0,1,0,10,6,7,3,4
2022-10-31,0,3,0,4,14,0,7,2,2
2022-11-01,3,5,1,7,28,0,12,9,0
2022-11-02,2,0,2,7,38,6,32,6,15
2022-11-03,0,3,0,0,8,5,6,1,0
2022-11-04,0,0,0,2,18,6,5,11,0
2022-11-05,0,0,1,1,12,0,10,2,3
2022-11-06,0,0,4,5,13,7,16,7,17
2022-11-07,0,0,0,0,3,6,12,2,3
2022-11-08,0,0,4,5,14,6,12,9,14
2022-11-09,0,1,3,0,3,4,3,10,0
2022-11-10,0,0,3,1,3,8,9,2,1
2022-11-11,0,3,9,2,25,12,17,8,0
2022-11-12,0,0,0,0,6,0,5,0,0
2022-11-13,0,1,2,0,23,8,10,7,5
2022-11-14,0,0,11,3,27,1,22,2,5
2022-11-15,0,0,1,1,14,4,13,6,2
2022-11-16,1,1,0,0,6,0,9,3,2
2022-11-17,0,0,11,1,21,11,14,14,11
2022-11-18,0,3,5,8,11,6,5,8,6
2022-11-19,0,2,7,1,15,1,8,9,1
2022-11-20,0,3,8,0,20,5,18,7,1
2022-11-21,0,6,0,0,19,0,8,5,2
2022-11-22,0,5,5,1,13,2,5,0,0
2022-11-23,0,1,1,0,16,1,10,2,3
2022-11-24,0,7,4,6,19,10,13,23,0
2022-11-25,4,0,5,5,18,0,24,4,6
2022-11-26,0,0,0,0,0,0,6,0,8
2022-11-27,0,0,1,6,7,5,8,5,3
2022-11-28,0,0,1,1,4,2,5,3,2
2022-11-29,0,4,2,3,27,6,8,3,10
2022-11-30,0,0,10,2,16,14,5,7,3
2022-12-01,0,0,2,1,11,0,8,9,2
2022-12-02,0,1,1,3,14,2,12,2,6
2022-12-03,0,0,0,0,25,1,12,16,0
2022-12-04,0,3,5,14,34,0,19,11,1
2022-12-05,0,4,0,7,41,6,5,5,13
2022-12-06,0,1,5,6,16,4,11,6,9
2022-12-07,0,0,5,0,24,4,28,6,10
2022-12-08,0,0,1,2,9,2,3,8,1
2022-12-09,0,1,2,8,17,3,5,8,6
2022-12-10,0,0,0,2,4,3,8,6,0
2022-12-11,0,6,40,26,39,6,14,4,5
2022-12-12,0,0,0,5,43,0,17,6,9
2022-12-13,2,2,0,2,6,10,8,0,3
2022-12-14,4,0,3,0,13,0,5,12,0
2022-12-15,0,2,10,3,28,5,12,16,9
2022-12-16,0,0,0,6,42,4,10,7,3
2022-12-17,0,0,8,2,6,7,3,8,4
2022-12-18,0,1,2,4,18,5,8,4,0
2022-12-19,0,2,0,5,1,0,2,0,3
2022-12-20,0,1,3,0,14,4,21,3,6
2022-12-21,0,3,1,3,30,6,15,14,11
2022-12-22,0,1,0,2,9,3,11,3,0
2022-12-23,0,5,9,0,20,6,6,3,0
2022-12-24,0,0,0,0,4,0,0,0,0
2022-12-25,0,0,1,0,21,4,17,8,2
2022-12-26,2,0,0,0,12,4,2,1,2
2022-12-27,0,2,6,4,25,6,22,12,2
2022-12-28,0,5,3,3,47,3,19,11,4
2022-12-29,0,0,6,0,4,1,4,6,8
2022-12-30,0,2,2,4,9,2,14,5,1
2022-12-31,0,0,3,0,6,0,3,2,0
2023-01-01,0,0,0,0,4,0,3,7,4
2023-01-02,1,4,3,0,32,6,46,11,5
2023-01-03,0,5,0,5,17,6,14,4,5
2023-01-04,5,2,13,15,42,8,26,18,15
2023-01-05,0,0,6,2,15,1,8,12,1
2023-01-06,0,2,10,7,18,7,21,16,6
2023-01-07,1,4,4,9,27,6,17,8,12
2023-01-08,3,8,19,2,42,4,36,29,7
2023-01-09,0,0,4,0,10,1,9,4,1
2023-01-10,0,0,4,4,18,1,12,8,3
2023-01-11,0,4,3,5,28,5,27,7,3
2023-01-12,0,4,0,2,12,6,3,0,0
2023-01-13,0,0,0,1,19,13,22,8,0
2023-01-14,0,1,0,4,10,1,4,4,0
2023-01-15,0,0,4,9,15,5,14,19,2
2023-01-16,5,11,13,1,26,0,24,19,0
2023-01-17,2,2,1,9,15,1,4,6,3
2023-01-18,0,0,4,6,40,8,15,11,11
2023-01-19,0,0,10,8,7,4,5,5,1
2023-01-20,0,0,2,1,18,2,2,7,4
2023-01-21,0,2,0,3,2,0,2,0,0
2023-01-22,0,0,7,6,21,2,13,14,0
2023-01-23,0,0,0,2,20,4,8,8,0
2023-01-24,0,2,0,0,12,0,1,11,0
2023-01-25,0,2,1,3,12,3,7,10,6
2023-01-26,0,0,0,2,13,0,8,2,0
2023-01-27,0,0,0,4,16,5,4,8,9
2023-01-28,0,4,4,5,12,3,2,3,0
2023-01-29,0,0,4,3,11,3,8,8,4
2023-01-30,0,2,6,6,19,0,4,16,3
2023-01-31,0,2,10,9,24,5,16,8,0
2023-02-01,0,0,1,0,14,3,9,6,1
2023-02-02,0,0,0,7,10,4,9,3,8
2023-02-03,0,1,6,0,6,1,4,11,10
2023-02-04,0,1,5,0,8,5,0,5,1
2023-02-05,0,3,3,1,21,6,11,10,3
2023-02-06,0,2,6,1,18,5,8,5,1
2023-02-07,0,4,4,1,21,3,18,4,2
2023-02-08,0,0,0,0,10,2,5,5,4
2023-02-09,0,0,2,0,15,1,6,5,1
2023-02-10,0,0,1,2,5,7,3,12,0
2023-02-11,0,0,0,0,0,0,0,0,0
2023-02-12,0,0,0,2,21,7,3,6,1
2023-02-13,0,0,0,0,11,0,2,0,4
2023-02-14,0,0,0,1,9,1,10,5,2
2023-02-15,0,1,3,1,9,0,5,0,0
2023-02-16,0,1,2,0,0,0,4,12,10
2023-02-17,0,0,7,2,15,0,15,0,0
2023-02-18,0,0,0,0,10,1,5,3,0
2023-02-19,0,5,8,6,21,9,12,17,2
2023-02-20,0,0,0,0,10,4,4,0,0
2023-02-21,0,3,1,4,18,8,20,6,0
2023-02-22,0,0,2,2,11,1,7,7,2
2023-02-23,0,0,0,0,5,4,9,8,0
2023-02-24,0,0,5,3,10,6,8,12,4
2023-02-25,0,1,0,0,2,0,7,5,0
2023-02-26,0,6,6,5,23,1,22,8,7
2023-02-27,0,0,0,0,22,2,7,2,2
2023-02-28,0,2,2,0,28,6,28,15,7
2023-03-01,0,0,2,2,15,1,17,18,10
2023-03-02,0,0,2,3,13,0,0,11,1
2023-03-03,0,6,1,0,15,4,6,7,7
2023-03-04,0,0,7,1,7,2,11,15,1
2023-03-05,0,0,1,0,11,0,6,7,15
2023-03-06,0,0,1,3,28,0,11,11,8
2023-03-07,0,0,2,14,35,3,18,8,3
2023-03-08,0,0,3,0,22,4,15,11,0
2023-03-09,0,0,2,7,8,0,8,1,0
2023-03-10,0,0,0,1,24,0,3,3,3
2023-03-11,0,0,0,0,4,0,0,0,0
2023-03-12,0,0,0,0,8,5,22,22,11
2023-03-13,3,3,3,0,9,6,9,6,0
2023-03-14,0,0,6,7,11,0,6,11,0
2023-03-15,0,1,3,4,14,4,11,2,1
2023-03-16,0,2,0,1,14,4,6,4,3
2023-03-17,1,1,3,0,30,3,14,7,4
2023-03-18,0,0,0,0,3,0,3,3,0
2023-03-19,0,4,2,4,20,4,31,14,0
2023-03-20,0,0,0,2,15,3,8,9,0
2023-03-21,0,0,1,1,33,7,27,1,14
2023-03-22,0,0,2,0,14,1,3,5,2
2023-03-23,2,1,4,3,6,0,2,6,1
2023-03-24,0,0,5,2,11,3,11,7,2
2023-03-25,0,0,6,7,7,1,3,1,12
2023-03-26,0,1,4,1,28,0,5,15,1
2023-03-27,0,2,7,4,8,4,10,6,0
2023-03-28,0,0,0,0,20,0,15,6,4
2023-03-29,0,3,4,0,22,0,13,0,2
2023-03-30,0,3,9,6,9,0,6,5,2
2023-03-31,0,1,7,4,14,2,8,9,2
2023-04-01,0,0,0,0,3,0,8,5,5
2023-04-02,0,1,3,1,5,2,14,9,5
2023-04-03,0,0,7,0,14,0,9,4,6
2023-04-04,1,1,4,2,28,3,14,16,4
2023-04-05,0,1,0,0,13,0,2,6,0
2023-04-06,0,11,0,2,35,1,5,9,1
2023-04-07,3,2,0,2,32,0,15,5,3
2023-04-08,0,0,0,0,1,0,3,0,0
2023-04-09,0,1,7,1,13,1,11,8,1
2023-04-10,0,0,4,0,6,3,0,0,0
2023-04-11,0,2,2,1,42,11,24,10,22
2023-04-12,0,0,0,6,14,11,2,8,6
2023-04-13,0,0,2,13,18,3,10,8,2
2023-04-14,0,0,2,2,36,6,14,12,11
2023-04-15,0,0,0,0,0,0,0,0,0
2023-04-16,0,2,4,0,17,3,4,3,0
2023-04-17,0,0,2,8,4,9,11,11,0
2023-04-18,0,5,0,1,5,0,11,1,5
2023-04-19,0,0,4,0,10,0,12,7,0
2023-04-20,0,0,1,3,24,0,14,4,6
2023-04-21,0,0,0,3,18,1,12,6,2
2023-04-22,0,0,3,2,20,0,11,2,0
2023-04-23,0,2,1,4,20,2,15,1,3
2023-04-24,0,0,0,0,16,1,3,4,6
2023-04-25,0,2,4,2,22,6,7,11,4
2023-04-26,0,4,2,5,28,3,5,4,2
2023-04-27,0,0,3,3,10,4,6,7,5
2023-04-28,0,0,0,0,2,1,1,2,0
2023-04-29,0,0,0,0,11,3,1,8,6
2023-04-30,4,1,3,4,18,0,8,6,2
2023-05-01,0,0,2,1,9,0,7,11,0
2023-05-02,0,0,1,2,9,0,17,6,8
2023-05-03,0,0,6,0,21,5,11,2,2
2023-05-04,0,0,0,5,12,1,0,2,1
2023-05-05,0,0,4,1,9,3,7,2,0
2023-05-06,0,0,2,0,9,3,7,8,9
2023-05-07,0,2,3,5,16,9,7,23,6
2023-05-08,0,1,6,0,15,3,8,3,0
2023-05-09,0,0,7,2,5,7,4,5,3
2023-05-10,0,0,3,0,13,4,1,1,4
2023-05-11,0,0,4,1,8,5,10,2,0
2023-05-12,0,0,2,12,9,6,5,6,2
2023-05-13,0,0,4,0,4,7,22,15,0
2023-05-14,0,0,0,2,32,4,41,15,14
2023-05-15,0,0,0,0,3,0,13,3,4
2023-05-16,0,1,0,0,20,1,14,6,0
2023-05-17,6,1,0,2,6,2,7,0,2
2023-05-18,0,2,1,0,14,4,13,9,5
2023-05-19,0,5,1,0,15,1,18,11,0
2023-05-20,3,2,0,0,5,0,10,0,3
2023-05-21,0,3,0,3,12,0,12,4,3
2023-05-22,0,0,2,0,45,4,23,31,16
2023-05-23,0,0,7,0,17,0,13,4,10
2023-05-24,2,0,0,0,6,2,19,12,4
2023-05-25,0,0,1,0,15,2,8,5,5
2023-05-26,0,0,2,4,24,0,15,11,0
2023-05-27,0,0,0,0,3,5,0,17,5
2023-05-28,0,0,0,0,4,2,5,6,3
2023-05-29,0,0,0,2,8,0,6,1,2
2023-05-30,0,5,0,5,43,4,9,17,2
2023-05-31,0,0,9,2,25,0,1,13,7
2023-06-01,0,4,10,4,18,4,24,6,5
2023-06-02,0,2,6,4,28,9,28,11,3
2023-06-03,0,0,0,0,10,0,5,0,0
2023-06-04,2,2,4,12,20,8,17,32,0
2023-06-05,0,0,0,2,28,1,11,17,14
2023-06-06,0,0,0,3,19,3,15,2,6
2023-06-07,0,0,0,0,20,2,12,9,1
2023-06-08,0,1,2,5,24,7,13,6,6
2023-06-09,0,0,4,4,8,0,9,20,10
2023-06-10,0,0,0,0,8,2,1,0,1
2023-06-11,0,0,0,3,36,5,4,7,8
2023-06-12,0,0,5,5,13,2,7,15,3
2023-06-13,0,0,5,2,25,1,4,17,9
2023-06-14,4,4,6,2,22,0,12,10,2
2023-06-15,0,0,1,2,1,1,4,13,6
2023-06-16,0,1,0,3,25,3,8,15,26
2023-06-17,0,0,0,4,8,0,4,1,0
2023-06-18,0,0,0,2,3,6,0,2,0
2023-06-19,0,2,3,4,13,8,9,7,6
2023-06-20,0,0,9,3,19,3,27,11,7
2023-06-21,0,1,4,3,12,2,19,11,16
2023-06-22,0,0,0,0,23,7,2,0,0
2023-06-23,0,0,0,0,11,0,8,1,1
2023-06-24,0,0,4,0,18,2,14,13,3
2023-06-25,0,0,0,15,20,0,16,13,6
2023-06-26,0,0,7,6,15,0,7,6,2
2023-06-27,0,0,0,2,5,5,7,7,9
2023-06-28,0,0,3,6,18,0,15,5,4
2023-06-29,0,0,0,5,12,1,9,11,2
2023-06-30,0,0,0,8,5,2,1,2,0
2023-07-01,0,0,1,2,12,4,0,4,2
2023-07-02,0,0,8,4,9,3,5,16,5
2023-07-03,0,0,1,0,0,4,5,1,4
2023-07-04,0,0,3,0,5,12,14,0,0
2023-07-05,0,0,6,2,21,6,14,14,1
2023-07-06,1,0,0,1,4,0,5,1,0
2023-07-07,0,5,2,1,10,4,12,11,4
2023-07-08,0,1,0,1,9,3,20,4,6
2023-07-09,0,12,12,5,5,2,2,10,4
2023-07-10,0,0,4,3,15,10,27,24,14
2023-07-11,1,0,6,3,11,0,7,12,0
2023-07-12,0,0,1,0,15,4,21,17,13
2023-07-13,0,0,0,4,17,8,7,6,3
2023-07-14,0,0,0,4,18,1,0,9,0
2023-07-15,0,5,3,4,6,4,18,6,1
2023-07-16,0,0,6,4,18,7,22,8,10
2023-07-17,0,2,3,0,22,8,3,7,2
2023-07-18,0,0,0,4,8,2,4,2,2
2023-07-19,0,0,2,0,16,0,15,16,5
2023-07-20,0,0,0,0,11,0,9,5,2
2023-07-21,0,3,0,0,9,0,2,5,0
2023-07-22,0,0,0,0,18,1,10,2,0
2023-07-23,0,0,1,0,12,0,1,9,10
2023-07-24,0,5,3,4,9,1,29,8,1
2023-07-25,0,4,0,4,9,1,8,0,0
2023-07-26,0,0,4,2,15,4,6,13,9
2023-07-27,0,0,0,6,24,5,20,9,5
2023-07-28,0,0,1,4,48,2,21,9,1
2023-07-29,4,4,4,6,38,2,33,47,19
2023-07-30,0,0,0,4,29,3,27,14,4
2023-07-31,0,2,0,7,20,2,14,13,5
2023-08-01,4,3,6,8,26,3,11,28,15
2023-08-02,0,4,1,3,18,0,2,14,5
2023-08-03,0,0,3,11,10,2,11,28,2
2023-08-04,1,0,1,2,14,10,6,12,7
2023-08-05,0,0,0,0,12,2,19,20,6
2023-08-06,0,3,9,1,32,8,19,10,6
2023-08-07,0,0,0,8,16,12,11,9,0
2023-08-08,0,1,3,5,23,5,27,36,11
2023-08-09,0,0,6,5,27,6,13,14,16
2023-08-10,0,0,4,0,17,0,21,14,4
2023-08-11,0,0,2,0,21,2,2,10,0
2023-08-12,0,1,4,0,19,1,7,19,3
2023-08-13,0,0,5,5,22,8,30,25,17
2023-08-14,0,0,5,1,35,4,29,29,10
2023-08-15,0,2,0,8,24,1,17,13,5
2023-08-16,3,0,7,6,11,5,23,27,16
2023-08-17,0,0,4,0,20,5,10,1,1
2023-08-18,0,4,6,1,16,2,17,6,3
2023-08-19,0,0,0,3,22,3,22,36,7
2023-08-20,0,0,1,3,31,3,19,19,6
2023-08-21,0,0,0,0,11,4,13,13,0
